fecha,precio_prom,precio_max,precio_min,precio_ponderado_semana,cabezas_total,kgs_total,dias_con_remate,semana_anio,mes,sin_semana,cos_semana
2006-01-06,2.348,2.555,1.9,2.339824626367356,2009,823670,4,1,1,0.12053668025532305,0.992708874098054
2006-01-13,2.4035,2.65,1.4,2.385979967948718,1699,698880,4,2,1,0.23931566428755774,0.970941817426052
2006-01-20,2.51425,2.655,1.72,2.5125270747306856,1868,767690,4,3,1,0.3546048870425356,0.9350162426854148
2006-01-27,2.649,2.96,1.6,2.6333748362317055,2171,893030,4,4,1,0.4647231720437685,0.8854560256532099
2006-02-03,2.6117999999999997,2.8,1.5,2.6120144744289107,2023,830430,5,5,2,0.5680647467311558,0.8229838658936564
2006-02-10,2.6615,2.835,1.7,2.6814208602467904,2148,880910,4,6,2,0.6631226582407952,0.7485107481711011
2006-02-17,2.6055,2.75,2.0,2.6064512888287186,2268,930690,4,7,2,0.7485107481711011,0.6631226582407953
2006-02-24,2.6765,2.93,1.5,2.7062990522540984,2095,858880,4,8,2,0.8229838658936564,0.5680647467311559
2006-03-03,2.6328,3.1,1.9,2.6349851735742935,2637,1084550,5,9,3,0.8854560256532099,0.4647231720437686
2006-03-10,2.9104,3.405,2.0,2.862547756487994,3517,1443050,5,10,3,0.9350162426854148,0.35460488704253557
2006-03-17,2.7334,3.235,1.3,2.7571266822772538,2060,845580,5,11,3,0.970941817426052,0.23931566428755804
2006-03-24,2.74775,3.125,1.5,2.7304631625930273,2511,1030610,4,12,3,0.992708874098054,0.120536680255323
2006-03-31,2.73625,3.03,1.3,2.713542101966486,3153,1293170,4,13,3,1.0,-1.6081226496766364e-16
2006-04-07,2.5082500000000003,2.72,1.0,2.5055345960673034,2796,1148830,4,14,4,0.992708874098054,-0.12053668025532288
2006-04-14,2.563333333333333,2.755,1.305,2.5543340898283837,1127,462660,3,15,4,0.9709418174260521,-0.2393156642875575
2006-04-21,2.6391999999999998,2.88,1.5,2.6254202176355537,2339,961240,5,16,4,0.9350162426854148,-0.35460488704253545
2006-04-28,2.4855,2.7,1.5,2.475598656038658,2257,927110,4,17,4,0.8854560256532099,-0.4647231720437685
2006-05-05,2.6235,2.82,1.9,2.592446480178854,2230,916950,4,18,5,0.8229838658936565,-0.5680647467311557
2006-05-12,2.3944,2.655,0.7,2.4123595231782673,2387,980660,5,19,5,0.7485107481711013,-0.663122658240795
2006-05-19,2.425,2.65,1.1,2.4358087165607403,2015,827620,4,20,5,0.6631226582407952,-0.7485107481711012
2006-05-26,2.3845,2.595,0.7,2.378034825370327,2419,994390,4,21,5,0.5680647467311558,-0.8229838658936564
2006-06-02,2.368,2.605,1.0,2.360154183351894,3077,1266090,5,22,6,0.46472317204376906,-0.8854560256532096
2006-06-09,2.33425,2.54,1.3,2.314175548695682,2870,1179160,4,23,6,0.35460488704253584,-0.9350162426854147
2006-06-16,2.301,2.46,1.28,2.298365403736707,2571,1056010,4,24,6,0.23931566428755768,-0.970941817426052
2006-06-23,2.3136666666666668,2.49,1.9,2.3049041892183344,2366,973690,3,25,6,0.12053668025532308,-0.992708874098054
2006-06-30,2.25975,2.44,1.66,2.257005876308202,2440,1002330,4,26,6,-3.216245299353273e-16,-1.0
2006-07-07,2.2028,2.4,1.0,2.209617002395954,3015,1239590,5,27,7,-0.12053668025532283,-0.992708874098054
2006-07-14,2.3708,2.555,1.0,2.374136835452269,2005,822740,5,28,7,-0.23931566428755743,-0.9709418174260521
2006-07-21,2.3965,2.6,1.4,2.4154834844803914,1611,662710,4,29,7,-0.3546048870425356,-0.9350162426854148
2006-07-28,2.603,2.76,2.0,2.5854330361872475,1605,660730,4,30,7,-0.46472317204376806,-0.8854560256532101
2006-08-04,2.4588,2.61,1.25,2.4585491524381493,2373,975740,5,31,8,-0.5680647467311556,-0.8229838658936565
2006-08-11,2.4416,2.6,1.5,2.427892492863939,2558,1051000,5,32,8,-0.663122658240795,-0.7485107481711013
2006-08-18,2.3775,2.51,1.6,2.3727960330090743,2309,948830,4,33,8,-0.7485107481711011,-0.6631226582407952
2006-08-25,2.3636666666666666,2.5,1.4,2.364759752562832,1937,796970,3,34,8,-0.8229838658936564,-0.5680647467311559
2006-09-01,2.3080000000000003,2.42,1.6,2.30810201939628,1737,714570,5,35,9,-0.8854560256532096,-0.4647231720437691
2006-09-08,2.323,2.46,1.2,2.3170745544090057,2078,852800,5,36,9,-0.9350162426854147,-0.3546048870425359
2006-09-15,2.30025,2.51,1.4,2.299192702563964,1802,740260,4,37,9,-0.970941817426052,-0.23931566428755774
2006-09-22,2.3525,2.5,1.5,2.35760501305483,1162,478750,4,38,9,-0.992708874098054,-0.12053668025532357
2006-09-29,2.29025,2.415,1.4,2.283772397278911,2237,918750,4,39,9,-1.0,-1.8369701987210297e-16
2006-10-06,2.3,2.45,1.68,2.2961529522052255,1633,672040,5,40,10,-0.992708874098054,0.1205366802553232
2006-10-13,2.3244,2.447,1.6,2.3235800634026065,1382,567800,5,41,10,-0.9709418174260521,0.23931566428755738
2006-10-20,2.35475,2.45,1.8,2.3431384973791496,1464,600950,4,42,10,-0.9350162426854148,0.35460488704253557
2006-10-27,2.3555,2.53,1.52,2.3637090019686218,1225,502890,4,43,10,-0.8854560256532101,0.464723172043768
2006-11-03,2.4544,2.575,2.0,2.456651637648407,1531,628340,5,44,11,-0.822983865893657,0.5680647467311548
2006-11-10,2.5,2.635,1.4,2.5022158320962977,1656,680390,5,45,11,-0.7485107481711011,0.6631226582407952
2006-11-17,2.557,2.71,1.0,2.5652442467677457,1354,555340,4,46,11,-0.6631226582407955,0.7485107481711007
2006-11-24,2.58225,2.64,1.8,2.5814940621614157,1146,470710,4,47,11,-0.5680647467311559,0.8229838658936564
2006-12-01,2.563,2.64,1.8,2.553874365795464,886,364630,4,48,12,-0.4647231720437684,0.88545602565321
2006-12-08,2.412,2.64,2.0,2.411696691176471,332,136000,3,49,12,-0.35460488704253595,0.9350162426854147
2006-12-15,2.448,2.64,1.7,2.45529931815936,740,303590,5,50,12,-0.2393156642875578,0.970941817426052
2006-12-22,2.4126,2.5,1.4,2.3949534396782104,884,362970,5,51,12,-0.12053668025532363,0.992708874098054
2006-12-29,2.425,2.5,1.4,2.406588405273614,403,166110,4,52,12,6.432490598706546e-16,1.0
2007-01-05,2.4147499999999997,2.5,1.7,2.4408912045785867,451,185210,4,1,1,0.12053668025532305,0.992708874098054
2007-01-12,2.43475,2.5,1.2,2.4392822846276614,717,294490,4,2,1,0.23931566428755774,0.970941817426052
2007-01-19,2.42025,2.5,1.6,2.4210900455017166,609,250540,4,3,1,0.3546048870425356,0.9350162426854148
2007-01-26,2.43675,2.5,1.8,2.4195989739204786,285,116950,4,4,1,0.4647231720437685,0.8854560256532099
2007-02-02,2.455,2.5,1.8,2.452922035378904,444,183160,4,5,2,0.5680647467311558,0.8229838658936564
2007-02-09,2.3762499999999998,2.5,1.3,2.437809376077215,565,232080,4,6,2,0.6631226582407952,0.7485107481711011
2007-02-16,2.4530000000000003,2.5,1.4,2.448189677757401,556,229020,4,7,2,0.7485107481711011,0.6631226582407953
2007-02-23,2.4605,2.5,1.55,2.4610917857142853,683,280000,4,8,2,0.8229838658936564,0.5680647467311559
2007-03-02,2.4290000000000003,2.5,1.1,2.475188422601793,546,224230,4,9,3,0.8854560256532099,0.4647231720437686
2007-03-09,2.4764999999999997,2.5,1.8,2.478048839225508,507,207620,4,10,3,0.9350162426854148,0.35460488704253557
2007-03-16,2.4674,2.58,1.5,2.447081151716501,1098,451500,5,11,3,0.970941817426052,0.23931566428755804
2007-03-23,2.4185,2.58,1.0,2.4265135322159,635,260120,4,12,3,0.992708874098054,0.120536680255323
2007-03-30,2.5305,2.58,1.6,2.5155361627722144,764,314550,4,13,3,1.0,-1.6081226496766364e-16
2007-04-06,2.5214999999999996,2.58,2.3,2.5116302843147693,228,93910,2,14,4,0.992708874098054,-0.12053668025532288
2007-04-13,2.545,2.58,1.2,2.5447431575338553,853,350020,4,15,4,0.9709418174260521,-0.2393156642875575
2007-04-20,2.47325,2.58,1.2,2.4882497107960506,902,371710,4,16,4,0.9350162426854148,-0.35460488704253545
2007-04-27,2.543,2.58,2.0,2.544340038382259,1031,422070,4,17,4,0.8854560256532099,-0.4647231720437685
2007-05-04,2.5573333333333337,2.58,2.3,2.533588141978981,245,100860,3,18,5,0.8229838658936565,-0.5680647467311557
2007-05-11,2.64,3.1,2.25,2.7179233842202883,341,140180,4,19,5,0.7485107481711013,-0.663122658240795
2007-05-18,3.01125,3.297,1.4,3.0098788677164388,1189,489630,4,20,5,0.6631226582407952,-0.7485107481711012
2007-05-25,2.9885,3.2,1.1,2.936926261748677,1541,633050,4,21,5,0.5680647467311558,-0.8229838658936564
2007-06-01,2.953,3.205,0.9,2.9388832370186915,1144,472410,4,22,6,0.46472317204376906,-0.8854560256532096
2007-06-08,2.77275,3.0,0.8,2.7745713087248323,1333,548320,4,23,6,0.35460488704253584,-0.9350162426854147
2007-06-15,2.8475,3.1,1.7,2.855420606357521,1293,530710,4,24,6,0.23931566428755768,-0.970941817426052
2007-06-22,2.9019999999999997,3.08,1.63,2.902228713715136,1463,598390,3,25,6,0.12053668025532308,-0.992708874098054
2007-06-29,2.7967500000000003,3.0,1.5,2.7901395293131324,1221,500970,4,26,6,-3.216245299353273e-16,-1.0
2007-07-06,2.8004,3.055,0.9,2.795610218676769,2000,823590,5,27,7,-0.12053668025532283,-0.992708874098054
2007-07-13,2.7575,2.96,1.0,2.7584464785151286,1434,589950,4,28,7,-0.23931566428755743,-0.9709418174260521
2007-07-20,2.668,2.95,1.2,2.699918136364367,1517,622010,4,29,7,-0.3546048870425356,-0.9350162426854148
2007-07-27,2.6637500000000003,2.902,1.4,2.6873988647910023,1389,570820,4,30,7,-0.46472317204376806,-0.8854560256532101
2007-08-03,2.7762000000000002,2.975,1.5,2.766433230792039,1316,539620,5,31,8,-0.5680647467311556,-0.8229838658936565
2007-08-10,2.7237999999999998,2.95,1.7,2.7323288220360014,1274,523870,5,32,8,-0.663122658240795,-0.7485107481711013
2007-08-17,2.78275,2.95,1.5,2.7885840820618784,1319,542030,4,33,8,-0.7485107481711011,-0.6631226582407952
2007-08-24,2.8026666666666666,2.935,1.15,2.7959513429612635,1081,444540,3,34,8,-0.8229838658936564,-0.5680647467311559
2007-08-31,2.75275,2.91,1.8,2.7475642771656146,1179,484620,4,35,8,-0.8854560256532096,-0.4647231720437691
2007-09-07,2.731,2.86,1.6,2.722146540684595,1405,577860,5,36,9,-0.9350162426854147,-0.3546048870425359
2007-09-14,2.8442,3.0,1.8,2.8466770983370435,742,305480,5,37,9,-0.970941817426052,-0.23931566428755774
2007-09-21,2.923,3.07,1.6,2.909324668811902,583,239290,5,38,9,-0.992708874098054,-0.12053668025532357
2007-09-28,2.8462,3.05,1.5,2.8317738413006555,900,370890,5,39,9,-1.0,-1.8369701987210297e-16
2007-10-05,2.8478000000000003,3.08,1.5,2.8465678032683845,928,381840,5,40,10,-0.992708874098054,0.1205366802553232
2007-10-12,2.9256,3.09,1.7,2.9444025931347655,814,334730,5,41,10,-0.9709418174260521,0.23931566428755738
2007-10-19,3.00275,3.19,2.4,2.9702435301924353,735,301400,4,42,10,-0.9350162426854148,0.35460488704253557
2007-10-26,2.94175,3.125,2.0,2.93561556500451,944,388050,4,43,10,-0.8854560256532101,0.464723172043768
2007-11-02,3.0404,3.21,1.55,3.045221526827042,746,306780,5,44,11,-0.822983865893657,0.5680647467311548
2007-11-09,3.0275,3.19,2.0,3.02870550525783,866,355660,4,45,11,-0.7485107481711011,0.6631226582407952
2007-11-16,3.109,3.25,1.8,3.0788978433918595,861,354260,5,46,11,-0.6631226582407955,0.7485107481711007
2007-11-23,3.0666,3.215,1.6,3.0574954380734534,947,389090,5,47,11,-0.5680647467311559,0.8229838658936564
2007-11-30,3.1116,3.22,1.7,3.1069351642980676,1293,531960,5,48,11,-0.4647231720437684,0.88545602565321
2007-12-07,3.0815,3.225,1.85,3.0770286744815154,946,388150,4,49,12,-0.35460488704253595,0.9350162426854147
2007-12-14,3.1424,3.335,1.5,3.1429175453018336,1362,559580,5,50,12,-0.2393156642875578,0.970941817426052
2007-12-21,3.016,3.3,1.8,3.0405118402956846,1133,465360,5,51,12,-0.12053668025532363,0.992708874098054
2007-12-28,3.14,3.3,1.8,3.1461414215815227,465,190070,4,52,12,6.432490598706546e-16,1.0
2008-01-04,3.14325,3.3,2.4,3.1964562884711363,584,240440,4,1,1,0.12053668025532305,0.992708874098054
2008-01-11,2.9852499999999997,3.3,1.8,2.968288654097318,1457,597220,4,2,1,0.23931566428755774,0.970941817426052
2008-01-18,2.8983999999999996,3.3,1.8,2.940175670479669,1015,416120,5,3,1,0.3546048870425356,0.9350162426854148
2008-01-25,3.128,3.33,1.8,3.122386064533369,729,299380,4,4,1,0.4647231720437685,0.8854560256532099
2008-02-01,3.1390000000000002,3.32,2.2,3.1642095843758686,561,230208,4,5,2,0.5680647467311558,0.8229838658936564
2008-02-08,3.2214,3.33,1.5,3.202014617811836,755,310580,5,6,2,0.6631226582407952,0.7485107481711011
2008-02-15,3.25325,3.35,1.8,3.238853721431347,689,283090,4,7,2,0.7485107481711011,0.6631226582407953
2008-02-22,3.22225,3.3,1.4,3.247929695809402,458,188040,4,8,2,0.8229838658936564,0.5680647467311559
2008-02-29,3.2455,3.355,1.8,3.2394901552527946,538,220930,4,9,2,0.8854560256532099,0.4647231720437686
2008-03-07,3.25525,3.365,2.7,3.2604744099088574,938,385110,4,10,3,0.9350162426854148,0.35460488704253557
2008-03-14,3.35975,3.41,1.9,3.3349372173355647,685,280810,4,11,3,0.970941817426052,0.23931566428755804
2008-03-21,2.1,2.1,2.1,2.1,4,1680,1,12,3,0.992708874098054,0.120536680255323
2008-03-28,,,,,0,0,0,13,3,1.0,-1.6081226496766364e-16
2008-04-04,3.318,3.432,2.5,3.3248539057841384,367,150930,2,14,4,0.992708874098054,-0.12053668025532288
2008-04-11,3.317,3.61,1.4,3.3043583707272006,1477,606160,5,15,4,0.9709418174260521,-0.2393156642875575
2008-04-18,3.25225,3.6,2.0,3.2324204673209564,800,329110,4,16,4,0.9350162426854148,-0.35460488704253545
2008-04-25,3.2775,3.5,1.6,3.2745496779082983,642,263900,4,17,4,0.8854560256532099,-0.4647231720437685
2008-05-02,3.24725,3.502,1.8,3.294532024048096,607,249500,4,18,5,0.8229838658936565,-0.5680647467311557
2008-05-09,3.3722000000000003,3.7,1.6,3.374092304226621,866,355130,5,19,5,0.7485107481711013,-0.663122658240795
2008-05-16,3.3593333333333333,3.41,3.2,3.3611331548198637,200,82160,3,20,5,0.6631226582407952,-0.7485107481711012
2008-05-23,3.2554000000000003,3.5,1.45,3.2951417745837484,1368,562160,5,21,5,0.5680647467311558,-0.8229838658936564
2008-05-30,3.327,3.54,2.0,3.2841974971735994,624,256510,4,22,5,0.46472317204376906,-0.8854560256532096
2008-06-06,3.453333333333333,4.0,3.2,3.476434157875591,269,109960,3,23,6,0.35460488704253584,-0.9350162426854147
2008-06-13,3.431,4.55,1.8,3.449219221737672,580,238480,5,24,6,0.23931566428755768,-0.970941817426052
2008-06-20,3.548,4.22,3.2,3.6787122526900378,210,86430,2,25,6,0.12053668025532308,-0.992708874098054
2008-06-27,3.2925,3.6,1.8,3.2618428100280212,1961,806540,4,26,6,-3.216245299353273e-16,-1.0
2008-07-04,3.2512499999999998,3.8,1.2,3.2492379782379786,1040,427350,4,27,7,-0.12053668025532283,-0.992708874098054
2008-07-11,3.3096666666666668,3.575,2.0,3.316485602094241,724,297960,3,28,7,-0.23931566428755743,-0.9709418174260521
2008-07-18,3.2845999999999997,3.685,2.0,3.279463836807374,927,381880,5,29,7,-0.3546048870425356,-0.9350162426854148
2008-07-25,3.2927999999999997,3.7,2.1,3.281670306849511,679,279290,5,30,7,-0.46472317204376806,-0.8854560256532101
2008-08-01,3.2439999999999998,3.7,1.8,3.276157684321443,786,322670,4,31,8,-0.5680647467311556,-0.8229838658936565
2008-08-08,3.25825,3.6,1.8,3.248666116117913,677,278510,4,32,8,-0.663122658240795,-0.7485107481711013
2008-08-15,3.2365,3.685,1.8,3.243897326455262,929,381890,4,33,8,-0.7485107481711011,-0.6631226582407952
2008-08-22,3.264333333333333,3.6,1.5,3.267810588852001,974,400610,3,34,8,-0.8229838658936564,-0.5680647467311559
2008-08-29,3.2965,3.54,2.0,3.290346973080107,970,398590,4,35,8,-0.8854560256532096,-0.4647231720437691
2008-09-05,3.2685,3.55,2.4,3.254864609478813,820,338650,4,36,9,-0.9350162426854147,-0.3546048870425359
2008-09-12,3.129,3.4,2.1,3.1201353131787912,682,280830,4,37,9,-0.970941817426052,-0.23931566428755774
2008-09-19,3.21875,3.405,2.0,3.2135128091527454,935,383710,4,38,9,-0.992708874098054,-0.12053668025532357
2008-09-26,3.1502499999999998,3.4,1.5,3.1218751095639976,968,399310,4,39,9,-1.0,-1.8369701987210297e-16
2008-10-03,3.207,3.61,2.2,3.239128372790241,944,386920,5,40,10,-0.992708874098054,0.1205366802553232
2008-10-10,3.2685,3.55,2.6,3.24257250648432,516,212050,2,41,10,-0.9709418174260521,0.23931566428755738
2008-10-17,3.2593333333333336,3.42,2.5,3.246838217810011,821,336440,3,42,10,-0.9350162426854148,0.35460488704253557
2008-10-24,3.0107999999999997,3.31,2.0,2.996746430849237,993,407660,5,43,10,-0.8854560256532101,0.464723172043768
2008-10-31,2.9232,3.22,1.6,2.9256158551211318,813,333520,5,44,10,-0.822983865893657,0.5680647467311548
2008-11-07,2.7738,3.0,1.8,2.762765356863243,1151,472590,5,45,11,-0.7485107481711011,0.6631226582407952
2008-11-14,2.7082,2.925,1.7,2.6801454849973037,858,352270,5,46,11,-0.6631226582407955,0.7485107481711007
2008-11-21,2.709,3.005,1.4,2.681786046882899,912,375830,4,47,11,-0.5680647467311559,0.8229838658936564
2008-11-28,2.5926,2.89,1.82,2.558378090810261,1053,432330,5,48,11,-0.4647231720437684,0.88545602565321
2008-12-05,2.6468,2.86,2.0,2.6540044758167873,1235,507170,5,49,12,-0.35460488704253595,0.9350162426854147
2008-12-12,2.6805,2.975,1.5,2.684024101479915,1153,473000,4,50,12,-0.2393156642875578,0.970941817426052
2008-12-19,2.7388,3.09,1.175,2.699177869145513,1364,559400,5,51,12,-0.12053668025532363,0.992708874098054
2008-12-26,2.8297499999999998,3.11,2.3,2.7144613168724283,296,121500,4,52,12,6.432490598706546e-16,1.0
2009-01-02,2.682,3.0,1.65,2.702465060102375,424,173870,3,1,1,0.12053668025532305,0.992708874098054
2009-01-09,2.85525,3.19,1.3,2.8168729096989966,1332,547170,4,2,1,0.23931566428755774,0.970941817426052
2009-01-16,2.8365,3.22,1.1,2.8379369165913886,1131,464940,4,3,1,0.3546048870425356,0.9350162426854148
2009-01-23,2.735,3.15,1.0,2.783183230502907,1100,450580,4,4,1,0.4647231720437685,0.8854560256532099
2009-01-30,2.8,3.22,1.3,2.7949980253964397,802,329180,4,5,1,0.5680647467311558,0.8229838658936564
2009-02-06,2.8655,3.41,1.2,2.876375828152818,836,342630,4,6,2,0.6631226582407952,0.7485107481711011
2009-02-13,3.15475,3.45,1.9,3.1402563756274335,1084,444270,4,7,2,0.7485107481711011,0.6631226582407953
2009-02-20,3.26875,3.9,1.5,3.2976373287671237,712,292000,4,8,2,0.8229838658936564,0.5680647467311559
2009-02-27,3.4386666666666668,3.85,2.4,3.469328376225194,506,207110,3,9,2,0.8854560256532099,0.4647231720437686
2009-03-06,3.69475,4.0,2.405,3.6764047683149363,817,334290,4,10,3,0.9350162426854148,0.35460488704253557
2009-03-13,3.716,4.01,1.2,3.7158170434673994,780,320240,4,11,3,0.970941817426052,0.23931566428755804
2009-03-20,3.7595,4.14,2.0,3.780795812254075,867,355800,4,12,3,0.992708874098054,0.120536680255323
2009-03-27,,,,,0,0,0,13,3,1.0,-1.6081226496766364e-16
2009-04-03,3.68925,4.1,1.5,3.6885690220565115,1083,445220,4,14,4,0.992708874098054,-0.12053668025532288
2009-04-10,3.828,4.05,1.7,3.7732738118294145,628,258170,3,15,4,0.9709418174260521,-0.2393156642875575
2009-04-17,3.68125,4.1,1.0,3.6538223493255932,1141,468560,4,16,4,0.9350162426854148,-0.35460488704253545
2009-04-24,3.63675,4.0,1.8,3.6349052578742627,777,318760,4,17,4,0.8854560256532099,-0.4647231720437685
2009-05-01,3.287,3.75,1.2,3.274893315305214,738,303230,4,18,5,0.8229838658936565,-0.5680647467311557
2009-05-08,3.1782,3.6,1.4,3.1073583555520705,1241,510080,5,19,5,0.7485107481711013,-0.663122658240795
2009-05-15,3.1254999999999997,3.6,1.3,3.0930587254356996,747,305830,4,20,5,0.6631226582407952,-0.7485107481711012
2009-05-22,3.1342499999999998,3.5,1.3,3.111959494506531,1031,424140,4,21,5,0.5680647467311558,-0.8229838658936564
2009-05-29,3.158333333333333,3.55,2.0,3.1706540533075542,877,362050,3,22,5,0.46472317204376906,-0.8854560256532096
2009-06-05,3.2692,3.62,1.4,3.2622372174285106,1367,560920,5,23,6,0.35460488704253584,-0.9350162426854147
2009-06-12,3.18725,3.6,1.3,3.149014324428959,945,387450,4,24,6,0.23931566428755768,-0.970941817426052
2009-06-19,3.212,3.57,1.2,3.1990418038342368,1008,413120,4,25,6,0.12053668025532308,-0.992708874098054
2009-06-26,3.31,3.5,2.0,3.2813219993403493,816,333510,4,26,6,-3.216245299353273e-16,-1.0
2009-07-03,3.275,3.57,1.6,3.266344630118727,987,405130,5,27,7,-0.12053668025532283,-0.992708874098054
2009-07-10,3.3815,3.94,1.3,3.453313927368027,1298,534200,4,28,7,-0.23931566428755743,-0.9709418174260521
2009-07-17,3.3194000000000004,3.745,1.0,3.302710068386485,1439,590760,5,29,7,-0.3546048870425356,-0.9350162426854148
2009-07-24,3.32925,3.62,2.0,3.3669553378714925,734,301150,4,30,7,-0.46472317204376806,-0.8854560256532101
2009-07-31,3.3289999999999997,3.64,2.0,3.330035451654073,1200,493630,4,31,7,-0.5680647467311556,-0.8229838658936565
2009-08-07,3.3228,3.6,2.5,3.330270838905233,1364,560850,5,32,8,-0.663122658240795,-0.7485107481711013
2009-08-14,3.3770000000000002,3.65,2.0,3.3761015747729797,1272,521980,5,33,8,-0.7485107481711011,-0.6631226582407952
2009-08-21,3.28675,3.6,2.2,3.2551649098509916,946,389910,4,34,8,-0.8229838658936564,-0.5680647467311559
2009-08-28,3.353,3.72,1.9,3.3574348869636776,1068,437470,5,35,8,-0.8854560256532096,-0.4647231720437691
2009-09-04,,,,,0,0,0,36,9,-0.9350162426854147,-0.3546048870425359
2009-09-11,3.4654,3.68,2.2,3.4162808388157893,889,364800,5,37,9,-0.970941817426052,-0.23931566428755774
2009-09-18,3.2835,3.5,2.0,3.2689108607648873,914,375480,4,38,9,-0.992708874098054,-0.12053668025532357
2009-09-25,3.3285,3.5,2.3,3.3160631102844826,578,236570,4,39,9,-1.0,-1.8369701987210297e-16
2009-10-02,3.2312,3.5,2.1,3.223703349282297,586,240350,5,40,10,-0.992708874098054,0.1205366802553232
2009-10-09,3.2458,3.55,2.2,3.260697517342096,666,273900,5,41,10,-0.9709418174260521,0.23931566428755738
2009-10-16,3.42325,3.63,2.0,3.398132365684575,559,230800,4,42,10,-0.9350162426854148,0.35460488704253557
2009-10-23,3.46325,3.8,2.6,3.487217695977036,576,236890,4,43,10,-0.8854560256532101,0.464723172043768
2009-10-30,3.4305999999999996,3.625,2.5,3.3992267988726272,715,294490,5,44,10,-0.822983865893657,0.5680647467311548
2009-11-06,3.3823999999999996,3.87,2.1,3.4552741053356875,565,232210,5,45,11,-0.7485107481711011,0.6631226582407952
2009-11-13,3.4772,3.75,2.5,3.5020414954002743,746,306540,5,46,11,-0.6631226582407955,0.7485107481711007
2009-11-20,3.4826,3.86,2.0,3.527122273162376,968,396980,5,47,11,-0.5680647467311559,0.8229838658936564
2009-11-27,3.7732,4.12,2.8,3.7376541261445713,857,351660,5,48,11,-0.4647231720437684,0.88545602565321
2009-12-04,3.7016,4.33,2.4,3.8463770538648374,851,349950,5,49,12,-0.35460488704253595,0.9350162426854147
2009-12-11,4.15,4.63,3.0,4.147130755761678,1030,422620,4,50,12,-0.2393156642875578,0.970941817426052
2009-12-18,4.0484,4.37,2.8,4.0351058009808325,1249,511810,5,51,12,-0.12053668025532363,0.992708874098054
2009-12-25,3.8063333333333333,4.3,2.7,3.925800955335599,492,203070,3,52,12,6.432490598706546e-16,1.0
2010-01-01,3.7983333333333333,4.25,2.0,3.7832564317673376,174,71520,3,53,1,0.12053668025532314,0.992708874098054
2010-01-08,4.05475,4.48,2.5,4.021303024770251,801,328620,4,1,1,0.12053668025532305,0.992708874098054
2010-01-15,3.89625,4.5,2.3,3.9379195557051494,724,297100,4,2,1,0.23931566428755774,0.970941817426052
2010-01-22,4.21475,4.87,2.5,4.236538657951179,716,293730,4,3,1,0.3546048870425356,0.9350162426854148
2010-01-29,4.3466000000000005,5.0,3.5,4.388846641318124,731,299820,5,4,1,0.4647231720437685,0.8854560256532099
2010-02-05,5.047000000000001,6.22,4.0,5.095649543097061,590,242940,4,5,2,0.5680647467311558,0.8229838658936564
2010-02-12,5.59,6.9,3.0,5.7338305680143025,776,318830,4,6,2,0.6631226582407952,0.7485107481711011
2010-02-19,5.88275,6.76,3.0,5.868732640574923,501,205940,4,7,2,0.7485107481711011,0.6631226582407953
2010-02-26,5.9505,6.7,4.0,5.939377099076406,464,190560,4,8,2,0.8229838658936564,0.5680647467311559
2010-03-05,5.606,6.59,3.5,5.580989924334497,619,255070,4,9,3,0.8854560256532099,0.4647231720437686
2010-03-12,5.97975,6.73,3.5,5.998714635776342,548,224450,4,10,3,0.9350162426854148,0.35460488704253557
2010-03-19,6.1259999999999994,6.8,4.5,6.041796383809328,595,243350,4,11,3,0.970941817426052,0.23931566428755804
2010-03-26,6.0657499999999995,6.8,3.3,6.187888470083124,973,400610,4,12,3,0.992708874098054,0.120536680255323
2010-04-02,6.159,6.8,3.0,6.095850238663484,407,167600,3,13,4,1.0,-1.6081226496766364e-16
2010-04-09,6.5756,7.21,4.5,6.52521819170746,1163,478020,5,14,4,0.992708874098054,-0.12053668025532288
2010-04-16,6.47175,7.45,3.4,6.4521098021871985,1207,497440,4,15,4,0.9709418174260521,-0.2393156642875575
2010-04-23,6.4408,7.6,4.0,6.363955769700921,1197,490840,5,16,4,0.9350162426854148,-0.35460488704253545
2010-04-30,6.876333333333334,7.62,3.0,6.877060882070949,508,208600,3,17,4,0.8854560256532099,-0.4647231720437685
2010-05-07,6.88,7.8,3.4,6.8087850761954805,1156,475750,5,18,5,0.8229838658936565,-0.5680647467311557
2010-05-14,6.9176,7.88,4.85,6.921824991523988,1149,471920,5,19,5,0.7485107481711013,-0.663122658240795
2010-05-21,6.9676,7.59,5.0,6.970751125135793,944,386620,5,20,5,0.6631226582407952,-0.7485107481711012
2010-05-28,6.907666666666667,7.708,4.9,7.056963618525937,596,244630,3,21,5,0.5680647467311558,-0.8229838658936564
2010-06-04,6.9286,7.43,3.5,6.901887299141538,1108,454300,5,22,6,0.46472317204376906,-0.8854560256532096
2010-06-11,6.4634,7.34,4.3,6.543151960784313,1142,469200,5,23,6,0.35460488704253584,-0.9350162426854147
2010-06-18,6.63275,7.4,4.6,6.576234347048301,788,324220,4,24,6,0.23931566428755768,-0.970941817426052
2010-06-25,6.4925,7.18,4.5,6.496414169209987,969,399740,4,25,6,0.12053668025532308,-0.992708874098054
2010-07-02,6.6129999999999995,7.3,3.5,6.444881088141989,1174,482290,5,26,7,-3.216245299353273e-16,-1.0
2010-07-09,6.370333333333334,6.94,4.0,6.337065335278059,652,267390,3,27,7,-0.12053668025532283,-0.992708874098054
2010-07-16,6.55025,7.17,4.96,6.5361641815956375,878,359480,4,28,7,-0.23931566428755743,-0.9709418174260521
2010-07-23,6.54875,7.0,4.3,6.542188734277207,803,329140,4,29,7,-0.3546048870425356,-0.9350162426854148
2010-07-30,6.41025,6.8,3.5,6.365231620955437,1241,511180,4,30,7,-0.46472317204376806,-0.8854560256532101
2010-08-06,6.32,6.7,5.0,6.290753915477302,1223,503770,5,31,8,-0.5680647467311556,-0.8229838658936565
2010-08-13,6.28975,6.7,3.85,6.269684471575735,956,393150,4,32,8,-0.663122658240795,-0.7485107481711013
2010-08-20,6.435,6.9,5.4,6.426235799994189,838,344190,3,33,8,-0.7485107481711011,-0.6631226582407952
2010-08-27,6.4325,6.84,5.0,6.452638279596282,794,325970,4,34,8,-0.8229838658936564,-0.5680647467311559
2010-09-03,6.6054,7.0,4.3,6.596701666348488,893,366670,5,35,9,-0.8854560256532096,-0.4647231720437691
2010-09-10,6.62125,7.0,4.37,6.602343956155485,958,394120,4,36,9,-0.9350162426854147,-0.3546048870425359
2010-09-17,6.86525,7.5,5.0,6.904886590761078,1083,445290,4,37,9,-0.970941817426052,-0.23931566428755774
2010-09-24,6.7024,7.51,4.5,6.910106368251038,1056,433400,5,38,9,-0.992708874098054,-0.12053668025532357
2010-10-01,7.102,7.7,5.2,7.090958499440732,851,348670,4,39,10,-1.0,-1.8369701987210297e-16
2010-10-08,7.4452,8.32,5.5,7.388406932177971,1313,540090,5,40,10,-0.992708874098054,0.1205366802553232
2010-10-15,8.21425,9.0,6.0,8.30233694913411,894,367830,4,41,10,-0.9709418174260521,0.23931566428755738
2010-10-22,8.283,9.0,6.0,8.252043084608179,1172,480450,5,42,10,-0.9350162426854148,0.35460488704253557
2010-10-29,7.98375,9.0,6.4,8.186294828296923,768,315370,4,43,10,-0.8854560256532101,0.464723172043768
2010-11-05,8.32,9.0,6.0,8.319446936523194,1366,561780,5,44,11,-0.822983865893657,0.5680647467311548
2010-11-12,8.397400000000001,9.2,5.5,8.321610403443179,1117,460040,5,45,11,-0.7485107481711011,0.6631226582407952
2010-11-19,8.251999999999999,8.86,5.5,8.210273456903089,933,382510,5,46,11,-0.6631226582407955,0.7485107481711007
2010-11-26,8.284749999999999,9.0,6.0,8.302609202714164,916,377280,4,47,11,-0.5680647467311559,0.8229838658936564
2010-12-03,8.2736,8.8,6.3,8.262060679796212,960,394530,5,48,12,-0.4647231720437684,0.88545602565321
2010-12-10,8.29725,8.7,5.3,8.252236138379256,1083,443130,4,49,12,-0.35460488704253595,0.9350162426854147
2010-12-17,8.0616,8.7,5.9,8.03082601993315,1593,655190,5,50,12,-0.2393156642875578,0.970941817426052
2010-12-24,7.751333333333332,8.4,5.0,7.744196024191142,896,368730,3,51,12,-0.12053668025532363,0.992708874098054
2010-12-31,7.391000000000001,8.1,6.0,7.450671661880833,541,222880,3,52,12,6.432490598706546e-16,1.0
2011-01-07,7.72375,8.5,5.2,7.765942381695267,1167,480750,4,1,1,0.12053668025532305,0.992708874098054
2011-01-14,7.7025,8.4,5.5,7.6263703362505755,1375,564460,4,2,1,0.23931566428755774,0.970941817426052
2011-01-21,7.33325,8.58,5.2,7.560773149622253,843,345470,4,3,1,0.3546048870425356,0.9350162426854148
2011-01-28,7.77775,8.6,5.3,7.8243244639628,1219,503230,4,4,1,0.4647231720437685,0.8854560256532099
2011-02-04,8.067,8.89,4.1,7.904522408230884,1120,458760,5,5,2,0.5680647467311558,0.8229838658936564
2011-02-11,7.9115,9.0,6.0,8.20833228506459,1007,413380,4,6,2,0.6631226582407952,0.7485107481711011
2011-02-18,8.2685,9.08,5.0,8.321028691392582,1357,557310,4,7,2,0.7485107481711011,0.6631226582407953
2011-02-25,8.3875,9.4,4.3,8.446475340960506,1133,464130,4,8,2,0.8229838658936564,0.5680647467311559
2011-03-04,8.8312,9.7,5.2,8.795520239960126,1368,561760,5,9,3,0.8854560256532099,0.4647231720437686
2011-03-11,8.86,9.87,5.5,8.741632295813151,1018,417020,3,10,3,0.9350162426854148,0.35460488704253557
2011-03-18,8.8686,10.64,6.0,9.071462286696033,1880,774130,5,11,3,0.970941817426052,0.23931566428755804
2011-03-25,8.789666666666667,10.2,5.7,8.830285126118024,1028,422620,3,12,3,0.992708874098054,0.120536680255323
2011-04-01,8.65475,10.2,6.0,8.624295413689106,1636,673090,4,13,4,1.0,-1.6081226496766364e-16
2011-04-08,8.4398,10.5,4.5,8.561458836402052,1287,530080,5,14,4,0.992708874098054,-0.12053668025532288
2011-04-15,8.7,9.7,5.0,8.595073841289429,1261,518680,4,15,4,0.9709418174260521,-0.2393156642875575
2011-04-22,8.320333333333332,9.6,6.5,8.481124196172619,627,258140,3,16,4,0.9350162426854148,-0.35460488704253545
2011-04-29,8.9878,10.5,5.56,8.931796806588043,1304,536730,5,17,4,0.8854560256532099,-0.4647231720437685
2011-05-06,8.5612,9.7,6.5,8.531459662598856,1176,484290,5,18,5,0.8229838658936565,-0.5680647467311557
2011-05-13,8.9338,10.5,6.2,8.832166683905669,945,386720,5,19,5,0.7485107481711013,-0.663122658240795
2011-05-20,8.398,9.8,5.0,8.461745616566853,1349,554360,4,20,5,0.6631226582407952,-0.7485107481711012
2011-05-27,8.346333333333332,9.5,5.0,8.47867062200957,637,261250,3,21,5,0.5680647467311558,-0.8229838658936564
2011-06-03,8.848400000000002,9.8,5.0,8.863085300718524,1401,574790,5,22,6,0.46472317204376906,-0.8854560256532096
2011-06-10,8.5058,9.8,6.0,8.384860426929393,1338,548100,5,23,6,0.35460488704253584,-0.9350162426854147
2011-06-17,9.0362,10.0,5.5,9.032364384377676,1307,537180,5,24,6,0.23931566428755768,-0.970941817426052
2011-06-24,9.171,10.03,6.0,9.154838119989428,1107,454040,3,25,6,0.12053668025532308,-0.992708874098054
2011-07-01,9.0554,10.0,5.3,9.03353769467252,1922,790430,5,26,7,-3.216245299353273e-16,-1.0
2011-07-08,8.975800000000001,9.7,6.0,8.905015477214102,1695,697800,5,27,7,-0.12053668025532283,-0.992708874098054
2011-07-15,9.0462,10.04,5.7,9.033457662276668,1243,511010,5,28,7,-0.23931566428755743,-0.9709418174260521
2011-07-22,9.38025,10.0,7.0,9.352483305248706,1169,480690,4,29,7,-0.3546048870425356,-0.9350162426854148
2011-07-29,8.999500000000001,10.0,6.0,8.990371936239502,1704,700120,4,30,7,-0.46472317204376806,-0.8854560256532101
2011-08-05,8.986799999999999,9.9,6.0,8.87873983225194,1536,631900,5,31,8,-0.5680647467311556,-0.8229838658936565
2011-08-12,8.9975,9.6,7.0,8.959623924250826,1185,486870,4,32,8,-0.663122658240795,-0.7485107481711013
2011-08-19,9.0832,9.9,6.0,9.07912625020495,1484,609900,5,33,8,-0.7485107481711011,-0.6631226582407952
2011-08-26,9.183,9.9,6.5,9.188612964153673,1214,497680,3,34,8,-0.8229838658936564,-0.5680647467311559
2011-09-02,8.9024,9.8,6.0,8.899896954335814,1172,481340,5,35,9,-0.8854560256532096,-0.4647231720437691
2011-09-09,8.90375,9.8,5.0,8.895104247983348,1491,614880,4,36,9,-0.9350162426854147,-0.3546048870425359
2011-09-16,8.94875,9.7,6.5,8.87210090788727,1027,422960,4,37,9,-0.970941817426052,-0.23931566428755774
2011-09-23,8.6425,9.75,6.0,8.706165529138229,1299,533320,4,38,9,-0.992708874098054,-0.12053668025532357
2011-09-30,8.859250000000001,9.79,4.5,8.854767895804565,1426,586590,4,39,9,-1.0,-1.8369701987210297e-16
2011-10-07,8.8696,9.8,6.0,8.780000620954096,1568,644170,5,40,10,-0.992708874098054,0.1205366802553232
2011-10-14,9.12475,9.9,6.5,8.970052899728998,1121,461250,4,41,10,-0.9709418174260521,0.23931566428755738
2011-10-21,9.048,10.0,6.0,9.063527665502043,1066,437910,4,42,10,-0.9350162426854148,0.35460488704253557
2011-10-28,9.1998,9.8,6.0,9.13118526390365,1373,564600,5,43,10,-0.8854560256532101,0.464723172043768
2011-11-04,9.2426,9.82,6.2,9.100747432526575,1083,444990,5,44,11,-0.822983865893657,0.5680647467311548
2011-11-11,9.331199999999999,10.65,6.0,9.456625606225451,1317,542290,5,45,11,-0.7485107481711011,0.6631226582407952
2011-11-18,9.263,9.7,6.0,9.170263131565783,1705,699650,5,46,11,-0.6631226582407955,0.7485107481711007
2011-11-25,9.1446,9.74,6.5,9.221837521655706,1309,536810,5,47,11,-0.5680647467311559,0.8229838658936564
2011-12-02,9.23875,9.7,5.0,9.218340000996,1470,602410,4,48,12,-0.4647231720437684,0.88545602565321
2011-12-09,8.860333333333333,9.7,4.5,8.87301080695404,1401,574630,3,49,12,-0.35460488704253595,0.9350162426854147
2011-12-16,8.9564,9.87,5.0,9.048651903758246,1778,730660,5,50,12,-0.2393156642875578,0.970941817426052
2011-12-23,9.1775,9.96,6.5,9.175459006276624,1619,664370,4,51,12,-0.12053668025532363,0.992708874098054
2011-12-30,8.866200000000001,9.75,7.0,9.039039921068609,1279,527040,5,52,12,6.432490598706546e-16,1.0
2012-01-06,8.558,9.64,5.0,8.388246657425212,1636,670890,4,1,1,0.12053668025532305,0.992708874098054
2012-01-13,8.28875,9.25,5.0,8.257862479007008,1263,518030,4,2,1,0.23931566428755774,0.970941817426052
2012-01-20,8.31725,9.6,5.5,8.637668964768471,1347,552630,4,3,1,0.3546048870425356,0.9350162426854148
2012-01-27,9.07,9.7,6.0,9.05302304933054,1374,563140,5,4,1,0.4647231720437685,0.8854560256532099
2012-02-03,8.910599999999999,9.8,6.6,8.986693108516867,2004,823190,5,5,2,0.5680647467311558,0.8229838658936564
2012-02-10,9.15725,10.1,6.0,9.138643565941102,1824,749760,4,6,2,0.6631226582407952,0.7485107481711011
2012-02-17,9.753,11.0,6.0,9.772298448219281,1563,639910,4,7,2,0.7485107481711011,0.6631226582407953
2012-02-24,10.319666666666667,11.9,7.0,10.42585207519306,1583,650060,3,8,2,0.8229838658936564,0.5680647467311559
2012-03-02,10.655999999999999,11.91,7.0,10.438347091275887,2364,971560,4,9,3,0.8854560256532099,0.4647231720437686
2012-03-09,10.278500000000001,11.54,6.0,10.218032943361669,1887,775270,4,10,3,0.9350162426854148,0.35460488704253557
2012-03-16,10.620666666666667,11.85,8.0,10.682076218820148,962,396490,3,11,3,0.970941817426052,0.23931566428755804
2012-03-23,10.973600000000001,12.05,5.5,10.90346000034327,1418,582630,5,12,3,0.992708874098054,0.120536680255323
2012-03-30,10.5612,12.0,4.5,10.635590101183146,1818,747160,5,13,3,1.0,-1.6081226496766364e-16
2012-04-06,11.1485,12.5,8.8,11.161902220324508,683,281040,2,14,4,0.992708874098054,-0.12053668025532288
2012-04-13,11.0932,12.45,6.5,11.041522189408417,1817,748330,5,15,4,0.9709418174260521,-0.2393156642875575
2012-04-20,10.4254,12.1,4.0,10.357197990330185,1413,581190,5,16,4,0.9350162426854148,-0.35460488704253545
2012-04-27,10.4206,11.94,4.0,10.19730023899335,1691,694580,5,17,4,0.8854560256532099,-0.4647231720437685
2012-05-04,10.671333333333335,11.8,8.0,10.438876932435551,1157,476730,3,18,5,0.8229838658936565,-0.5680647467311557
2012-05-11,10.089400000000001,12.1,6.0,10.375711869895298,1351,555860,5,19,5,0.7485107481711013,-0.663122658240795
2012-05-18,10.7655,12.0,5.0,10.680678030227602,1222,502190,4,20,5,0.6631226582407952,-0.7485107481711012
2012-05-25,10.245666666666667,12.1,5.0,10.380175451462094,1325,545450,3,21,5,0.5680647467311558,-0.8229838658936564
2012-06-01,10.57225,12.3,6.0,10.833469435167707,1671,688700,4,22,6,0.46472317204376906,-0.8854560256532096
2012-06-08,11.07525,12.3,10.0,11.37436,144,60000,4,23,6,0.35460488704253584,-0.9350162426854147
2012-06-15,10.401599999999998,11.8,2.5,10.217083688015348,1915,787090,5,24,6,0.23931566428755768,-0.970941817426052
2012-06-22,10.791,12.0,8.3,10.790038032143295,793,326040,4,25,6,0.12053668025532308,-0.992708874098054
2012-06-29,10.724,12.1,8.0,10.425801642710473,1189,487000,5,26,6,-3.216245299353273e-16,-1.0
2012-07-06,9.5614,10.8,5.5,9.658615624724673,1932,794510,5,27,7,-0.12053668025532283,-0.992708874098054
2012-07-13,10.05075,11.58,4.5,10.081646053720394,1088,447130,4,28,7,-0.23931566428755743,-0.9709418174260521
2012-07-20,9.398,11.1,6.0,9.2272472190257,1266,521400,5,29,7,-0.3546048870425356,-0.9350162426854148
2012-07-27,8.967400000000001,10.5,3.6,8.863706794941226,762,313910,5,30,7,-0.46472317204376806,-0.8854560256532101
2012-08-03,9.2146,10.2,5.0,9.167026633324431,1000,411890,5,31,8,-0.5680647467311556,-0.8229838658936565
2012-08-10,8.773599999999998,10.3,5.0,8.736005215047463,830,341320,5,32,8,-0.663122658240795,-0.7485107481711013
2012-08-17,8.7738,10.5,6.0,9.085030159917704,1043,427720,5,33,8,-0.7485107481711011,-0.6631226582407952
2012-08-24,8.77675,10.0,7.2,8.780291013569254,855,351530,4,34,8,-0.8229838658936564,-0.5680647467311559
2012-08-31,9.12075,10.0,5.0,9.02536034229175,729,299160,4,35,8,-0.8854560256532096,-0.4647231720437691
2012-09-07,9.056799999999999,9.92,7.0,8.971539598235319,1135,466940,5,36,9,-0.9350162426854147,-0.3546048870425359
2012-09-14,9.09425,10.0,5.1,8.899960656981015,1026,421930,4,37,9,-0.970941817426052,-0.23931566428755774
2012-09-21,8.846250000000001,10.24,6.7,8.806433866082202,988,406070,4,38,9,-0.992708874098054,-0.12053668025532357
2012-09-28,9.1245,9.72,5.0,9.055798583954225,1177,485860,4,39,9,-1.0,-1.8369701987210297e-16
2012-10-05,8.831,10.0,5.7,8.744072612307312,1178,483940,5,40,10,-0.992708874098054,0.1205366802553232
2012-10-12,8.67025,9.94,6.0,8.565008090614887,1081,444960,4,41,10,-0.9709418174260521,0.23931566428755738
2012-10-19,8.8,9.84,4.0,8.75507321298832,870,357860,4,42,10,-0.9350162426854148,0.35460488704253557
2012-10-26,8.709,9.9,5.5,8.740212261693927,935,383960,5,43,10,-0.8854560256532101,0.464723172043768
2012-11-02,8.741800000000001,9.72,6.5,8.697681324957168,979,402730,5,44,11,-0.822983865893657,0.5680647467311548
2012-11-09,8.1312,9.5,5.0,8.281177317376086,865,354280,5,45,11,-0.7485107481711011,0.6631226582407952
2012-11-16,8.532399999999999,9.6,4.5,8.539695574529828,872,358380,5,46,11,-0.6631226582407955,0.7485107481711007
2012-11-23,8.817,10.0,6.0,8.90762989393421,497,204590,4,47,11,-0.5680647467311559,0.8229838658936564
2012-11-30,8.908999999999999,10.0,4.2,8.87635339855057,1154,473290,4,48,11,-0.4647231720437684,0.88545602565321
2012-12-07,9.0064,9.95,4.5,9.078827273932896,1288,527830,5,49,12,-0.35460488704253595,0.9350162426854147
2012-12-14,9.2072,10.16,5.0,9.171323163138233,1642,674520,5,50,12,-0.2393156642875578,0.970941817426052
2012-12-21,9.1668,11.2,3.5,9.097539345321051,1429,588380,5,51,12,-0.12053668025532363,0.992708874098054
2012-12-28,9.547333333333334,10.54,4.0,9.482582495958411,767,315470,3,52,12,6.432490598706546e-16,1.0
2013-01-04,9.752666666666668,11.0,6.0,9.57382280434736,1134,466490,3,1,1,0.12053668025532305,0.992708874098054
2013-01-11,9.33,10.5,6.0,9.37617990237665,1983,813330,4,2,1,0.23931566428755774,0.970941817426052
2013-01-18,9.389,10.51,3.0,9.333220008508226,1372,564160,4,3,1,0.3546048870425356,0.9350162426854148
2013-01-25,9.651,11.3,4.5,10.08507441001266,1173,481790,4,4,1,0.4647231720437685,0.8854560256532099
2013-02-01,10.42625,11.6,4.4,10.459613887619918,1334,547250,4,5,2,0.5680647467311558,0.8229838658936564
2013-02-08,10.533,12.1,4.0,10.650105261976636,2168,891110,5,6,2,0.6631226582407952,0.7485107481711011
2013-02-15,11.000333333333332,12.2,6.2,10.88399648937264,1655,680790,3,7,2,0.7485107481711011,0.6631226582407953
2013-02-22,10.923,12.4,5.5,11.008775517420206,2063,848440,4,8,2,0.8229838658936564,0.5680647467311559
2013-03-01,10.472999999999999,12.2,5.5,10.488053144802075,2229,913730,4,9,3,0.8854560256532099,0.4647231720437686
2013-03-08,10.7868,12.27,6.68,10.791117122945277,1664,680140,5,10,3,0.9350162426854148,0.35460488704253557
2013-03-15,10.43025,11.8,6.5,10.422817968629323,1734,712130,4,11,3,0.970941817426052,0.23931566428755804
2013-03-22,10.3,12.0,5.5,10.281342747580497,1603,657160,4,12,3,0.992708874098054,0.120536680255323
2013-03-29,10.347666666666667,11.8,6.5,10.371674982911825,1428,585200,3,13,3,1.0,-1.6081226496766364e-16
2013-04-05,11.360666666666667,12.5,8.5,11.212723516612476,999,409030,3,14,4,0.992708874098054,-0.12053668025532288
2013-04-12,10.407399999999999,11.5,4.0,10.284993682819213,2504,1028940,5,15,4,0.9709418174260521,-0.2393156642875575
2013-04-19,10.1515,11.25,5.5,10.222814034933151,2212,908020,4,16,4,0.9350162426854148,-0.35460488704253545
2013-04-26,9.667,11.0,5.0,9.736735915078807,1657,680160,4,17,4,0.8854560256532099,-0.4647231720437685
2013-05-03,10.28225,11.7,6.6,10.424512975926243,1142,468560,4,18,5,0.8229838658936565,-0.5680647467311557
2013-05-10,9.0774,11.6,5.2,9.966568969734707,2190,899380,5,19,5,0.7485107481711013,-0.663122658240795
2013-05-17,9.96075,11.2,4.5,9.877398765048438,1807,740110,4,20,5,0.6631226582407952,-0.7485107481711012
2013-05-24,10.0178,11.3,5.2,9.719421439880787,1308,536850,5,21,5,0.5680647467311558,-0.8229838658936564
2013-05-31,9.8968,11.0,6.5,9.796686632813618,1357,559280,5,22,5,0.46472317204376906,-0.8854560256532096
2013-06-07,9.866,11.2,6.0,9.813637813471333,1491,614490,5,23,6,0.35460488704253584,-0.9350162426854147
2013-06-14,10.389,12.02,7.0,10.38447194546408,2549,1048850,5,24,6,0.23931566428755768,-0.970941817426052
2013-06-21,,,,,0,0,0,25,6,0.12053668025532308,-0.992708874098054
2013-06-28,10.71725,12.0,6.0,10.673168270226508,1292,531110,4,26,6,-3.216245299353273e-16,-1.0
2013-07-05,9.8332,11.32,6.0,9.752232251265722,2123,873020,5,27,7,-0.12053668025532283,-0.992708874098054
2013-07-12,10.23475,11.3,7.0,10.117455017020587,751,308450,4,28,7,-0.23931566428755743,-0.9709418174260521
2013-07-19,10.2088,11.45,5.0,10.179870146008078,1563,643800,5,29,7,-0.3546048870425356,-0.9350162426854148
2013-07-26,10.092,11.34,6.0,10.152585733551682,1012,415240,4,30,7,-0.46472317204376806,-0.8854560256532101
2013-08-02,10.17875,11.65,8.0,10.126287862864617,1040,428190,4,31,8,-0.5680647467311556,-0.8229838658936565
2013-08-09,10.388,11.42,5.3,10.278707586229649,1475,606230,4,32,8,-0.663122658240795,-0.7485107481711013
2013-08-16,9.94975,11.45,5.0,10.04013667696696,1229,504840,4,33,8,-0.7485107481711011,-0.6631226582407952
2013-08-23,10.73525,11.35,7.0,10.556074798859235,1047,431290,4,34,8,-0.8229838658936564,-0.5680647467311559
2013-08-30,10.2275,11.5,7.0,10.278894436050713,1480,608920,4,35,8,-0.8854560256532096,-0.4647231720437691
2013-09-06,10.1978,11.22,7.0,10.211064920160668,1228,505390,5,36,9,-0.9350162426854147,-0.3546048870425359
2013-09-13,9.765,11.27,5.5,9.79653987533962,762,312850,4,37,9,-0.970941817426052,-0.23931566428755774
2013-09-20,10.21275,11.65,7.0,10.183949666373447,1134,466090,4,38,9,-0.992708874098054,-0.12053668025532357
2013-09-27,10.05025,11.15,6.2,9.94763878246062,1143,469800,4,39,9,-1.0,-1.8369701987210297e-16
2013-10-04,10.0946,11.4,7.0,10.211028120659382,928,381570,5,40,10,-0.992708874098054,0.1205366802553232
2013-10-11,10.4086,11.55,6.5,10.38860732599236,1190,489490,5,41,10,-0.9709418174260521,0.23931566428755738
2013-10-18,10.62175,11.54,7.0,10.636052762950731,1268,520820,4,42,10,-0.9350162426854148,0.35460488704253557
2013-10-25,10.715,11.6,6.0,10.63836750272628,1116,458500,4,43,10,-0.8854560256532101,0.464723172043768
2013-11-01,10.64175,11.77,7.5,10.771942165472614,842,346160,4,44,11,-0.822983865893657,0.5680647467311548
2013-11-08,11.5312,13.0,7.7,11.409634304885719,1162,476900,5,45,11,-0.7485107481711011,0.6631226582407952
2013-11-15,12.75925,14.1,8.0,12.776162677463994,1428,585330,4,46,11,-0.6631226582407955,0.7485107481711007
2013-11-22,12.3708,13.72,8.0,12.195419186929175,1012,414970,5,47,11,-0.5680647467311559,0.8229838658936564
2013-11-29,12.9815,14.38,5.0,12.87468245470387,1159,476310,4,48,11,-0.4647231720437684,0.88545602565321
2013-12-06,12.5786,13.88,7.0,12.337830519846166,2037,834670,5,49,12,-0.35460488704253595,0.9350162426854147
2013-12-13,12.0872,13.3,6.0,11.913866519174041,1653,678000,5,50,12,-0.2393156642875578,0.970941817426052
2013-12-20,12.3064,13.3,8.0,12.319841390386314,1960,803230,5,51,12,-0.12053668025532363,0.992708874098054
2013-12-27,12.5675,14.24,9.0,12.767670427350426,356,146250,2,52,12,6.432490598706546e-16,1.0
2014-01-03,12.7645,14.38,7.0,12.76408255797478,514,211730,2,1,1,0.12053668025532305,0.992708874098054
2014-01-10,12.6414,14.5,6.0,12.697136897529365,2408,987600,5,2,1,0.23931566428755774,0.970941817426052
2014-01-17,12.254249999999999,14.0,6.8,12.757462349188739,1757,721100,4,3,1,0.3546048870425356,0.9350162426854148
2014-01-24,13.2045,15.5,10.0,13.325042614379086,1398,573750,4,4,1,0.4647231720437685,0.8854560256532099
2014-01-31,14.662749999999999,17.05,7.0,15.173086996598965,1530,629220,4,5,1,0.5680647467311558,0.8229838658936564
2014-02-07,16.0844,17.1,8.5,15.939279022682816,2127,874230,5,6,2,0.6631226582407952,0.7485107481711011
2014-02-14,15.130600000000001,17.0,1.28,15.232096701800003,1574,646110,5,7,2,0.7485107481711011,0.6631226582407953
2014-02-21,15.4064,17.0,10.0,15.480601347379844,1078,442340,5,8,2,0.8229838658936564,0.5680647467311559
2014-02-28,15.71125,17.0,8.5,15.513752967241652,1535,631900,4,9,2,0.8854560256532099,0.4647231720437686
2014-03-07,15.978,17.3,8.5,15.674221977020316,1012,416890,3,10,3,0.9350162426854148,0.35460488704253557
2014-03-14,15.576400000000001,17.5,7.5,15.627239393134586,1468,602440,5,11,3,0.970941817426052,0.23931566428755804
2014-03-21,15.840399999999999,17.3,7.0,15.710639623601221,1146,471840,5,12,3,0.992708874098054,0.120536680255323
2014-03-28,15.562,17.2,6.0,15.570453059318076,1303,535250,3,13,3,1.0,-1.6081226496766364e-16
2014-04-04,15.493,17.4,10.0,15.43449196078976,879,360110,4,14,4,0.992708874098054,-0.12053668025532288
2014-04-11,17.13225,19.1,10.0,16.845956050822743,702,288060,4,15,4,0.9709418174260521,-0.2393156642875575
2014-04-18,15.964999999999998,17.7,10.0,16.02720350297572,1078,441910,3,16,4,0.9350162426854148,-0.35460488704253545
2014-04-25,15.880799999999999,18.0,7.0,15.82898313131463,1637,674030,5,17,4,0.8854560256532099,-0.4647231720437685
2014-05-02,15.049999999999999,17.5,9.5,14.971288782276131,1075,441890,3,18,5,0.8229838658936565,-0.5680647467311557
2014-05-09,15.9388,18.0,5.5,15.874639834059671,1164,477280,5,19,5,0.7485107481711013,-0.663122658240795
2014-05-16,16.1988,18.1,10.0,15.82513478129511,1451,595780,5,20,5,0.6631226582407952,-0.7485107481711012
2014-05-23,16.405,18.0,12.0,16.19015404592917,1365,562170,4,21,5,0.5680647467311558,-0.8229838658936564
2014-05-30,15.940199999999999,18.0,13.0,16.29039788466381,1452,595650,5,22,5,0.46472317204376906,-0.8854560256532096
2014-06-06,16.0548,17.8,10.5,16.42777044289636,1537,630170,5,23,6,0.35460488704253584,-0.9350162426854147
2014-06-13,16.8544,18.8,10.0,16.47458386394446,1185,486860,5,24,6,0.23931566428755768,-0.970941817426052
2014-06-20,16.932,18.5,12.5,16.896377568698526,913,375190,3,25,6,0.12053668025532308,-0.992708874098054
2014-06-27,16.83475,18.7,8.0,16.80278879839847,1068,439580,4,26,6,-3.216245299353273e-16,-1.0
2014-07-04,16.292399999999997,18.2,12.5,16.673145262279114,1046,431220,5,27,7,-0.12053668025532283,-0.992708874098054
2014-07-11,17.6505,19.04,14.0,17.385216726326064,744,307300,4,28,7,-0.23931566428755743,-0.9709418174260521
2014-07-18,17.9914,19.5,12.5,17.575261068096086,1104,453330,5,29,7,-0.3546048870425356,-0.9350162426854148
2014-07-25,17.23575,19.3,12.5,17.23107029478458,1393,573300,4,30,7,-0.46472317204376806,-0.8854560256532101
2014-08-01,17.479999999999997,19.4,12.0,17.52514945314442,782,321840,4,31,8,-0.5680647467311556,-0.8229838658936565
2014-08-08,17.9906,19.8,12.0,17.92577753479125,1222,503000,5,32,8,-0.663122658240795,-0.7485107481711013
2014-08-15,17.82275,21.5,13.5,17.924567913703942,1204,495040,4,33,8,-0.7485107481711011,-0.6631226582407952
2014-08-22,18.661333333333335,21.0,10.0,18.64792613075252,984,405040,3,34,8,-0.8229838658936564,-0.5680647467311559
2014-08-29,18.9125,20.8,14.0,18.688644019643654,599,246390,4,35,8,-0.8854560256532096,-0.4647231720437691
2014-09-05,18.422199999999997,20.6,14.0,18.272061189283562,1166,481130,5,36,9,-0.9350162426854147,-0.3546048870425359
2014-09-12,17.8715,21.0,9.5,17.710129416028824,1138,469030,4,37,9,-0.970941817426052,-0.23931566428755774
2014-09-19,17.26325,19.0,13.0,17.136659507798473,692,284030,4,38,9,-0.992708874098054,-0.12053668025532357
2014-09-26,16.869500000000002,18.5,10.0,16.588415472216766,742,305580,4,39,9,-1.0,-1.8369701987210297e-16
2014-10-03,16.462600000000002,18.55,12.0,16.268265379908776,873,359560,5,40,10,-0.992708874098054,0.1205366802553232
2014-10-10,17.1674,18.5,14.0,16.957374102476432,498,204730,5,41,10,-0.9709418174260521,0.23931566428755738
2014-10-17,16.51175,18.2,10.0,16.39114236948973,826,339820,4,42,10,-0.9350162426854148,0.35460488704253557
2014-10-24,16.49925,18.0,10.68,16.590945100213894,615,252460,4,43,10,-0.8854560256532101,0.464723172043768
2014-10-31,16.4446,18.0,12.0,16.087931194793118,524,215100,5,44,10,-0.822983865893657,0.5680647467311548
2014-11-07,16.3418,18.0,11.0,16.289274611398962,890,366700,5,45,11,-0.7485107481711011,0.6631226582407952
2014-11-14,17.02325,18.1,11.0,16.792195281782437,741,305200,4,46,11,-0.6631226582407955,0.7485107481711007
2014-11-21,16.5554,19.0,10.0,16.603789502800637,1056,433830,5,47,11,-0.5680647467311559,0.8229838658936564
2014-11-28,16.738,18.1,11.0,16.451179240557057,730,299430,4,48,11,-0.4647231720437684,0.88545602565321
2014-12-05,16.2282,18.3,11.0,16.077640150931774,1263,519440,5,49,12,-0.35460488704253595,0.9350162426854147
2014-12-12,15.55625,17.3,7.0,15.622172330097087,965,395520,4,50,12,-0.2393156642875578,0.970941817426052
2014-12-19,16.982400000000002,18.5,11.0,16.76057478949458,1162,478610,5,51,12,-0.12053668025532363,0.992708874098054
2014-12-26,16.7885,18.2,10.5,16.750836302454474,738,303120,2,52,12,6.432490598706546e-16,1.0
2015-01-02,17.1635,19.5,12.0,17.260873908739086,541,222220,2,1,1,0.12053668025532305,0.992708874098054
2015-01-09,16.851,20.0,10.0,16.73715305774956,2210,910310,4,2,1,0.23931566428755774,0.970941817426052
2015-01-16,15.738,18.8,9.0,15.786963652948812,1391,570060,4,3,1,0.3546048870425356,0.9350162426854148
2015-01-23,15.62275,18.5,10.6,15.440630797773656,1191,490490,4,4,1,0.4647231720437685,0.8854560256532099
2015-01-30,16.83025,19.0,10.0,17.233029289076267,1093,448290,4,5,1,0.5680647467311558,0.8229838658936564
2015-02-06,17.531399999999998,19.8,12.5,17.425237269599084,913,374890,5,6,2,0.6631226582407952,0.7485107481711011
2015-02-13,17.7155,20.0,11.5,17.633455989165217,2225,915570,4,7,2,0.7485107481711011,0.6631226582407953
2015-02-20,17.981666666666666,19.5,10.0,17.807280969952558,1156,474250,3,8,2,0.8229838658936564,0.5680647467311559
2015-02-27,18.000999999999998,20.0,10.0,17.835096099791848,1602,658170,4,9,2,0.8854560256532099,0.4647231720437686
2015-03-06,18.1228,19.9,11.5,17.540547937896818,1823,749720,5,10,3,0.9350162426854148,0.35460488704253557
2015-03-13,15.312666666666667,19.05,9.0,17.267992997515247,1077,442700,3,11,3,0.970941817426052,0.23931566428755804
2015-03-20,17.468,20.5,13.0,17.474872033631396,1779,730270,4,12,3,0.992708874098054,0.120536680255323
2015-03-27,18.1155,20.5,11.0,18.11550222289202,1296,530840,2,13,3,1.0,-1.6081226496766364e-16
2015-04-03,18.907666666666668,20.0,10.0,18.295075669383003,523,214750,3,14,4,0.992708874098054,-0.12053668025532288
2015-04-10,17.8195,20.4,11.0,17.817808024835596,1459,599140,4,15,4,0.9709418174260521,-0.2393156642875575
2015-04-17,17.2535,19.95,10.0,17.469124142895026,1285,527940,4,16,4,0.9350162426854148,-0.35460488704253545
2015-04-24,17.25275,19.0,10.0,17.10176392709766,1416,581600,4,17,4,0.8854560256532099,-0.4647231720437685
2015-05-01,17.556,19.5,13.0,17.972944203542134,930,382820,3,18,5,0.8229838658936565,-0.5680647467311557
2015-05-08,18.4238,20.8,11.3,18.561255170219535,916,377160,5,19,5,0.7485107481711013,-0.663122658240795
2015-05-15,17.7332,19.5,7.0,17.67720681084099,1832,752330,5,20,5,0.6631226582407952,-0.7485107481711012
2015-05-22,17.469,20.0,13.0,17.616668646401383,1348,555630,4,21,5,0.5680647467311558,-0.8229838658936564
2015-05-29,18.165000000000003,20.0,10.0,18.188296993376184,1738,714090,3,22,5,0.46472317204376906,-0.8854560256532096
2015-06-05,18.6462,21.6,8.5,18.504330109765995,1379,566660,5,23,6,0.35460488704253584,-0.9350162426854147
2015-06-12,17.942,20.0,11.0,18.18601458186929,1381,569200,4,24,6,0.23931566428755768,-0.970941817426052
2015-06-19,18.64175,21.0,10.0,18.68674702254796,1782,731330,4,25,6,0.12053668025532308,-0.992708874098054
2015-06-26,19.58525,21.0,13.5,19.789158891423043,1762,723450,4,26,6,-3.216245299353273e-16,-1.0
2015-07-03,18.7352,20.5,9.0,18.525386633955467,1565,644020,5,27,7,-0.12053668025532283,-0.992708874098054
2015-07-10,19.527250000000002,22.3,10.0,19.642659563160972,915,376340,4,28,7,-0.23931566428755743,-0.9709418174260521
2015-07-17,21.0726,24.25,10.0,20.388439371192906,1409,579510,5,29,7,-0.3546048870425356,-0.9350162426854148
2015-07-24,17.96425,20.5,12.0,17.804555434899346,2038,838010,4,30,7,-0.46472317204376806,-0.8854560256532101
2015-07-31,17.988500000000002,21.5,11.0,18.66198381173649,976,400290,4,31,7,-0.5680647467311556,-0.8229838658936565
2015-08-07,19.1634,21.5,14.0,18.93787017461436,1550,638550,5,32,8,-0.663122658240795,-0.7485107481711013
2015-08-14,19.13775,21.7,15.0,19.083070912059714,1041,428700,4,33,8,-0.7485107481711011,-0.6631226582407952
2015-08-21,19.82275,22.1,10.0,19.338012786361215,1735,713260,4,34,8,-0.8229838658936564,-0.5680647467311559
2015-08-28,20.561999999999998,21.9,17.0,20.239539748953973,93,38240,2,35,8,-0.8854560256532096,-0.4647231720437691
2015-09-04,20.3184,22.0,13.8,20.153430598566462,1673,687810,5,36,9,-0.9350162426854147,-0.3546048870425359
2015-09-11,19.1168,21.6,14.0,18.976797385620916,1063,437580,5,37,9,-0.970941817426052,-0.23931566428755774
2015-09-18,19.29475,21.8,14.0,19.44926145240621,1262,518450,4,38,9,-0.992708874098054,-0.12053668025532357
2015-09-25,20.0435,22.0,12.0,20.047067024128687,772,317050,4,39,9,-1.0,-1.8369701987210297e-16
2015-10-02,18.9826,21.0,12.5,18.775204557837633,1029,422130,5,40,10,-0.992708874098054,0.1205366802553232
2015-10-09,20.293200000000002,22.2,12.5,20.30750291753112,752,308480,5,41,10,-0.9709418174260521,0.23931566428755738
2015-10-16,20.363666666666663,22.85,10.0,20.43157870398915,791,324380,3,42,10,-0.9350162426854148,0.35460488704253557
2015-10-23,20.822499999999998,23.1,7.5,20.902573930792233,1024,421340,4,43,10,-0.8854560256532101,0.464723172043768
2015-10-30,21.628,24.9,17.0,21.927956899674033,674,276100,4,44,10,-0.822983865893657,0.5680647467311548
2015-11-06,21.642599999999998,23.4,10.0,21.592244578741557,1713,703250,5,45,11,-0.7485107481711011,0.6631226582407952
2015-11-13,22.6766,24.6,15.0,22.605813260195564,1431,587020,5,46,11,-0.6631226582407955,0.7485107481711007
2015-11-20,21.352600000000002,24.9,12.0,22.147627705119934,1245,511530,5,47,11,-0.5680647467311559,0.8229838658936564
2015-11-27,23.922250000000002,27.4,15.0,24.306122296793436,980,402300,4,48,11,-0.4647231720437684,0.88545602565321
2015-12-04,28.5774,32.4,9.0,28.707484327291628,3002,1231440,5,49,12,-0.35460488704253595,0.9350162426854147
2015-12-11,26.527666666666665,30.0,13.0,26.081128518238042,1543,633840,3,50,12,-0.2393156642875578,0.970941817426052
2015-12-18,25.5764,29.5,10.0,25.885937477847875,1713,705350,5,51,12,-0.12053668025532363,0.992708874098054
2015-12-25,25.479333333333333,29.0,18.0,25.17968679585399,865,355040,3,52,12,6.432490598706546e-16,1.0
2016-01-01,25.84166666666667,29.0,20.0,26.088214447031028,704,287810,3,53,1,0.12053668025532314,0.992708874098054
2016-01-08,26.204200000000004,29.0,17.0,25.765502160019995,2050,840270,5,1,1,0.12053668025532305,0.992708874098054
2016-01-15,22.506999999999998,27.5,12.0,24.674881050041016,1191,487600,4,2,1,0.23931566428755774,0.970941817426052
2016-01-22,24.9935,28.0,12.0,24.251554414075976,1267,521740,4,3,1,0.3546048870425356,0.9350162426854148
2016-01-29,25.7245,28.0,16.0,25.263749927985714,1264,520730,4,4,1,0.4647231720437685,0.8854560256532099
2016-02-05,25.982799999999997,29.5,17.5,26.113106104557467,1512,620520,5,5,2,0.5680647467311558,0.8229838658936564
2016-02-12,25.385333333333335,28.5,20.0,26.860237029008243,852,350590,3,6,2,0.6631226582407952,0.7485107481711011
2016-02-19,25.913,28.0,15.5,25.76242711514815,1230,504220,4,7,2,0.7485107481711011,0.6631226582407953
2016-02-26,25.95875,28.5,15.5,25.52964153580531,1185,486520,4,8,2,0.8229838658936564,0.5680647467311559
2016-03-04,25.948,28.7,10.0,25.95855784311779,1228,503690,5,9,3,0.8854560256532099,0.4647231720437686
2016-03-11,26.25325,30.2,18.0,26.298367103514916,1613,662320,4,10,3,0.9350162426854148,0.35460488704253557
2016-03-18,26.908749999999998,30.0,15.0,26.975093559188497,1233,507700,4,11,3,0.970941817426052,0.23931566428755804
2016-03-25,27.409333333333333,30.0,20.0,27.168189497638174,706,290030,3,12,3,0.992708874098054,0.120536680255323
2016-04-01,27.87125,30.2,18.0,27.410110479907992,1401,573860,4,13,4,1.0,-1.6081226496766364e-16
2016-04-08,29.1116,32.5,13.0,28.8697708847374,1382,567400,5,14,4,0.992708874098054,-0.12053668025532288
2016-04-15,28.735500000000002,32.1,20.0,28.787922616769723,1209,496490,4,15,4,0.9709418174260521,-0.2393156642875575
2016-04-22,29.165,32.0,15.0,29.171534830496352,1363,559280,4,16,4,0.9350162426854148,-0.35460488704253545
2016-04-29,28.82125,32.1,13.0,28.427191666309426,1137,466540,4,17,4,0.8854560256532099,-0.4647231720437685
2016-05-06,29.255599999999998,32.7,12.0,29.158670581426534,1726,708430,5,18,5,0.8229838658936565,-0.5680647467311557
2016-05-13,30.569799999999997,33.5,13.5,30.501317681334896,1288,528580,5,19,5,0.7485107481711013,-0.663122658240795
2016-05-20,30.393,32.5,21.0,29.95499180831456,1425,585960,4,20,5,0.6631226582407952,-0.7485107481711012
2016-05-27,29.88366666666667,33.0,13.0,29.767895359669662,967,397170,3,21,5,0.5680647467311558,-0.8229838658936564
2016-06-03,31.510200000000005,33.5,22.0,31.486477305038836,1624,668210,5,22,6,0.46472317204376906,-0.8854560256532096
2016-06-10,29.7825,33.0,20.0,30.58041854360437,1501,617140,4,23,6,0.35460488704253584,-0.9350162426854147
2016-06-17,30.290999999999997,33.0,20.0,29.368778214156734,1077,443040,3,24,6,0.23931566428755768,-0.970941817426052
2016-06-24,30.93625,34.0,15.0,30.60658955877149,1304,536910,4,25,6,0.12053668025532308,-0.992708874098054
2016-07-01,31.7728,34.5,16.0,31.63422646332863,1102,453760,5,26,7,-3.216245299353273e-16,-1.0
2016-07-08,30.9435,33.2,23.5,31.052448219616533,788,324930,4,27,7,-0.12053668025532283,-0.992708874098054
2016-07-15,30.0978,33.4,13.0,30.073740006306924,1316,539090,5,28,7,-0.23931566428755743,-0.9709418174260521
2016-07-22,30.5644,33.0,20.0,30.28577653053689,1321,541640,5,29,7,-0.3546048870425356,-0.9350162426854148
2016-07-29,30.44375,32.6,22.0,30.067568570074393,1182,485270,4,30,7,-0.46472317204376806,-0.8854560256532101
2016-08-05,31.6108,33.2,25.0,31.453756056957697,1637,672780,5,31,8,-0.5680647467311556,-0.8229838658936565
2016-08-12,30.358,32.7,22.0,30.5489636458742,1118,458820,4,32,8,-0.663122658240795,-0.7485107481711013
2016-08-19,30.296000000000003,33.0,22.0,30.659364822626827,1113,457510,3,33,8,-0.7485107481711011,-0.6631226582407952
2016-08-26,30.5738,32.5,23.0,30.841137314568275,1410,578380,5,34,8,-0.8229838658936564,-0.5680647467311559
2016-09-02,30.528750000000002,32.5,20.0,30.233310911998377,957,393970,4,35,9,-0.8854560256532096,-0.4647231720437691
2016-09-09,31.082,33.0,16.0,30.724876209652564,1185,486710,5,36,9,-0.9350162426854147,-0.3546048870425359
2016-09-16,31.01575,33.5,22.0,31.097878317520003,1112,457420,4,37,9,-0.970941817426052,-0.23931566428755774
2016-09-23,30.4065,33.0,15.0,30.3575166163142,1202,496500,4,38,9,-0.992708874098054,-0.12053668025532357
2016-09-30,30.968,33.6,23.0,30.345672992186124,1241,510630,4,39,9,-1.0,-1.8369701987210297e-16
2016-10-07,30.470999999999997,32.5,15.0,29.988215968762624,902,371350,5,40,10,-0.992708874098054,0.1205366802553232
2016-10-14,29.739333333333335,32.8,21.0,29.788276028665756,905,372570,3,41,10,-0.9709418174260521,0.23931566428755738
2016-10-21,29.97475,33.0,22.0,29.908228535617297,1161,478700,4,42,10,-0.9350162426854148,0.35460488704253557
2016-10-28,29.617,32.0,15.0,28.85864044300172,893,366590,4,43,10,-0.8854560256532101,0.464723172043768
2016-11-04,29.3944,32.0,21.0,28.71473749550786,1491,612180,5,44,11,-0.822983865893657,0.5680647467311548
2016-11-11,28.918799999999997,32.7,19.0,28.68387127966118,1262,517090,5,45,11,-0.7485107481711011,0.6631226582407952
2016-11-18,28.1712,30.5,20.0,27.93311829066887,1413,581280,5,46,11,-0.6631226582407955,0.7485107481711007
2016-11-25,27.6954,31.5,15.0,27.607160389929167,1039,427770,5,47,11,-0.5680647467311559,0.8229838658936564
2016-12-02,29.005499999999998,31.7,18.0,28.978936469196064,1318,540840,4,48,12,-0.4647231720437684,0.88545602565321
2016-12-09,26.245,29.8,18.0,26.891576441244826,1288,529230,3,49,12,-0.35460488704253595,0.9350162426854147
2016-12-16,28.2782,32.7,17.0,28.13716619630423,1715,705130,5,50,12,-0.2393156642875578,0.970941817426052
2016-12-23,27.3445,30.4,17.0,27.82268249202477,1554,639480,4,51,12,-0.12053668025532363,0.992708874098054
2016-12-30,26.4965,30.2,17.0,27.792827361425637,1155,472490,4,52,12,6.432490598706546e-16,1.0
2017-01-06,26.6774,29.5,17.0,26.95174812909261,1252,513120,5,1,1,0.12053668025532305,0.992708874098054
2017-01-13,26.61175,31.0,17.0,27.343687579566442,1357,557710,4,2,1,0.23931566428755774,0.970941817426052
2017-01-20,24.07275,30.0,15.0,27.159130172381275,1291,530220,4,3,1,0.3546048870425356,0.9350162426854148
2017-01-27,27.914250000000003,31.5,20.0,28.037657258327357,1118,460230,4,4,1,0.4647231720437685,0.8854560256532099
2017-02-03,28.7815,32.0,20.0,28.708013284889553,1095,448630,4,5,2,0.5680647467311558,0.8229838658936564
2017-02-10,29.9705,32.5,22.0,29.922704128960444,1180,485110,4,6,2,0.6631226582407952,0.7485107481711011
2017-02-17,30.16975,32.3,18.0,29.883657823562167,2444,1005680,4,7,2,0.7485107481711011,0.6631226582407953
2017-02-24,28.67525,31.7,15.0,28.604101276417662,1742,716850,4,8,2,0.8229838658936564,0.5680647467311559
2017-03-03,30.288,33.5,24.0,29.85112485744894,703,289370,3,9,3,0.8854560256532099,0.4647231720437686
2017-03-10,32.61875,36.2,17.0,32.23716815353677,1804,740930,4,10,3,0.9350162426854148,0.35460488704253557
2017-03-17,31.20175,34.3,17.0,30.97968294772922,2279,933600,4,11,3,0.970941817426052,0.23931566428755804
2017-03-24,31.129,34.2,14.5,31.056684892449834,1348,554160,3,12,3,0.992708874098054,0.120536680255323
2017-03-31,33.372,36.7,20.0,32.91570730193218,1571,644350,4,13,3,1.0,-1.6081226496766364e-16
2017-04-07,31.8966,37.0,20.0,32.67865756354364,1476,607850,5,14,4,0.992708874098054,-0.12053668025532288
2017-04-14,34.56966666666667,39.0,15.0,34.7910071814562,1369,562560,3,15,4,0.9709418174260521,-0.2393156642875575
2017-04-21,31.90175,35.7,15.0,31.99537597721288,2372,975990,4,16,4,0.9350162426854148,-0.35460488704253545
2017-04-28,32.57675,37.6,23.5,32.75904844019439,1555,637900,4,17,4,0.8854560256532099,-0.4647231720437685
2017-05-05,31.80275,35.0,20.0,31.410074204849522,1764,725020,4,18,5,0.8229838658936565,-0.5680647467311557
2017-05-12,33.196799999999996,36.0,15.0,32.49888257550074,1795,737410,5,19,5,0.7485107481711013,-0.663122658240795
2017-05-19,32.14075,36.4,13.0,31.923983901027004,1223,504380,4,20,5,0.6631226582407952,-0.7485107481711012
2017-05-26,33.42466666666667,36.0,18.0,33.388121331527316,1183,487260,3,21,5,0.5680647467311558,-0.8229838658936564
2017-06-02,33.0785,35.5,26.0,33.414833887920565,920,378660,4,22,6,0.46472317204376906,-0.8854560256532096
2017-06-09,32.38425,36.0,21.0,32.01638770706002,1124,463030,4,23,6,0.35460488704253584,-0.9350162426854147
2017-06-16,32.97475,36.0,17.0,33.31992498519445,1111,455910,4,24,6,0.23931566428755768,-0.970941817426052
2017-06-23,33.6005,37.0,14.0,34.120263231068684,1309,539450,4,25,6,0.12053668025532308,-0.992708874098054
2017-06-30,32.473749999999995,38.1,12.0,34.69710478582392,695,286680,4,26,6,-3.216245299353273e-16,-1.0
2017-07-07,33.332800000000006,36.0,21.0,32.5708943901717,1315,540480,5,27,7,-0.12053668025532283,-0.992708874098054
2017-07-14,34.9204,37.0,17.0,34.395450418443076,1233,506640,5,28,7,-0.23931566428755743,-0.9709418174260521
2017-07-21,33.0755,36.1,22.0,32.65798358442848,1569,644510,4,29,7,-0.3546048870425356,-0.9350162426854148
2017-07-28,32.39925,36.0,21.2,32.02935160916083,1128,465460,4,30,7,-0.46472317204376806,-0.8854560256532101
2017-08-04,34.4556,36.4,22.0,34.4963079190089,890,366460,5,31,8,-0.5680647467311556,-0.8229838658936565
2017-08-11,32.213,37.0,21.0,32.57414635214754,1109,456570,4,32,8,-0.663122658240795,-0.7485107481711013
2017-08-18,34.37325,37.6,26.0,34.48872665021902,966,397220,4,33,8,-0.7485107481711011,-0.6631226582407952
2017-08-25,34.574000000000005,37.2,20.0,34.54617725513769,1300,532340,3,34,8,-0.8229838658936564,-0.5680647467311559
2017-09-01,34.082,37.0,27.0,34.59898597185276,1075,439830,4,35,9,-0.8854560256532096,-0.4647231720437691
2017-09-08,33.732,37.0,20.0,33.57453545841155,1268,522020,5,36,9,-0.9350162426854147,-0.3546048870425359
2017-09-15,34.3605,37.1,22.0,34.13376224275348,1227,504380,4,37,9,-0.970941817426052,-0.23931566428755774
2017-09-22,33.18375,36.0,23.0,32.83653153479827,1004,413670,4,38,9,-0.992708874098054,-0.12053668025532357
2017-09-29,34.32725,36.5,22.0,34.200022494938636,972,400090,4,39,9,-1.0,-1.8369701987210297e-16
2017-10-06,33.098,37.0,21.0,32.331543425602334,1315,540810,5,40,10,-0.992708874098054,0.1205366802553232
2017-10-13,33.9945,42.0,26.5,33.72050387466872,727,298090,4,41,10,-0.9709418174260521,0.23931566428755738
2017-10-20,34.5995,36.4,19.0,34.10571272247433,758,310710,4,42,10,-0.9350162426854148,0.35460488704253557
2017-10-27,32.4015,36.0,15.0,32.84985696686225,1164,478910,4,43,10,-0.8854560256532101,0.464723172043768
2017-11-03,33.9998,36.0,20.0,33.60939063879894,908,373670,5,44,11,-0.822983865893657,0.5680647467311548
2017-11-10,33.4446,36.7,23.0,33.60833262356983,859,352230,5,45,11,-0.7485107481711011,0.6631226582407952
2017-11-17,32.93475,36.0,17.0,32.93225290521116,1203,493940,4,46,11,-0.6631226582407955,0.7485107481711007
2017-11-24,33.472,36.0,22.0,32.873298303317156,1213,498620,4,47,11,-0.5680647467311559,0.8229838658936564
2017-12-01,31.5808,36.0,20.0,32.75520445360171,1232,504760,5,48,12,-0.4647231720437684,0.88545602565321
2017-12-08,32.80975,35.8,18.0,32.228611932723105,1390,571370,4,49,12,-0.35460488704253595,0.9350162426854147
2017-12-15,33.4926,37.2,20.0,33.19434580799338,1588,652790,5,50,12,-0.2393156642875578,0.970941817426052
2017-12-22,32.779,36.8,18.0,32.6034625208918,773,317110,5,51,12,-0.12053668025532363,0.992708874098054
2017-12-29,32.72933333333333,35.7,22.0,32.51852898759735,1266,520050,3,52,12,6.432490598706546e-16,1.0
2018-01-05,31.739333333333335,36.0,16.0,31.43287698849058,1326,545640,3,1,1,0.12053668025532305,0.992708874098054
2018-01-12,31.09925,34.0,18.0,30.717241249847476,1295,532705,4,2,1,0.23931566428755774,0.970941817426052
2018-01-19,32.601333333333336,36.5,18.0,32.63292119968685,900,370430,3,3,1,0.3546048870425356,0.9350162426854148
2018-01-26,34.26975,38.8,22.0,34.35326424263716,1248,512370,4,4,1,0.4647231720437685,0.8854560256532099
2018-02-02,34.53,37.8,24.0,35.08202790203009,1554,639380,5,5,2,0.5680647467311558,0.8229838658936564
2018-02-09,33.943666666666665,38.0,25.0,33.870953860865406,1326,543790,3,6,2,0.6631226582407952,0.7485107481711011
2018-02-16,36.784666666666666,39.3,25.0,36.59494972404929,1287,529080,3,7,2,0.7485107481711011,0.6631226582407953
2018-02-23,37.450500000000005,41.2,18.0,37.46903331590032,1725,707470,4,8,2,0.8229838658936564,0.5680647467311559
2018-03-02,35.388600000000004,38.5,20.5,35.05068131554541,1365,560680,5,9,3,0.8854560256532099,0.4647231720437686
2018-03-09,33.5055,38.0,24.5,33.591622507869886,1852,762400,4,10,3,0.9350162426854148,0.35460488704253557
2018-03-16,34.38075,38.0,17.0,34.504450887434864,1243,510460,4,11,3,0.970941817426052,0.23931566428755804
2018-03-23,33.92675,38.5,27.0,35.16121292966787,1261,517260,4,12,3,0.992708874098054,0.120536680255323
2018-03-30,33.638,38.2,27.0,33.69014882620338,781,321180,3,13,3,1.0,-1.6081226496766364e-16
2018-04-06,33.4755,38.0,25.0,34.1891722989519,1242,510450,4,14,4,0.992708874098054,-0.12053668025532288
2018-04-13,33.4345,37.0,25.0,33.722486828801024,916,375820,4,15,4,0.9709418174260521,-0.2393156642875575
2018-04-20,33.36066666666667,37.0,25.0,33.15336214283053,1305,536860,3,16,4,0.9350162426854148,-0.35460488704253545
2018-04-27,34.42366666666667,37.0,26.0,34.34989875614695,1178,483980,3,17,4,0.8854560256532099,-0.4647231720437685
2018-05-04,36.33625,40.0,23.0,36.748952709295516,748,307460,4,18,5,0.8229838658936565,-0.5680647467311557
2018-05-11,37.4118,40.0,30.0,37.235300549327505,1847,759110,5,19,5,0.7485107481711013,-0.663122658240795
2018-05-18,34.46333333333333,38.7,25.0,34.34616874135546,1230,506100,3,20,5,0.6631226582407952,-0.7485107481711012
2018-05-25,33.06966666666667,39.5,20.0,35.5873072238165,1176,484370,3,21,5,0.5680647467311558,-0.8229838658936564
2018-06-01,41.1382,47.2,30.0,41.502259689524,2363,972700,5,22,6,0.46472317204376906,-0.8854560256532096
2018-06-08,38.529399999999995,41.5,28.0,38.19461178166096,1349,555100,5,23,6,0.35460488704253584,-0.9350162426854147
2018-06-15,41.9322,47.0,26.0,41.85783663495942,1113,458360,5,24,6,0.23931566428755768,-0.970941817426052
2018-06-22,42.01166666666666,45.5,25.0,41.9408426445259,1646,679290,3,25,6,0.12053668025532308,-0.992708874098054
2018-06-29,42.71366666666666,45.0,34.0,42.12109999224265,938,386730,3,26,6,-3.216245299353273e-16,-1.0
2018-07-06,41.440000000000005,44.0,20.0,40.79581792411332,1493,613810,5,27,7,-0.12053668025532283,-0.992708874098054
2018-07-13,42.71875,45.0,32.0,42.24924000387259,1251,516450,4,28,7,-0.23931566428755743,-0.9709418174260521
2018-07-20,39.0935,48.7,28.0,42.16042001294561,1014,417130,4,29,7,-0.3546048870425356,-0.9350162426854148
2018-07-27,44.48325,47.0,32.0,43.6141645081683,1194,490310,4,30,7,-0.46472317204376806,-0.8854560256532101
2018-08-03,42.587,45.8,34.0,42.243093227950425,950,389690,4,31,8,-0.5680647467311556,-0.8229838658936565
2018-08-10,42.527249999999995,46.0,20.0,42.51243523316062,1372,565490,4,32,8,-0.663122658240795,-0.7485107481711013
2018-08-17,44.272,46.8,35.0,44.265186481157485,880,360090,3,33,8,-0.7485107481711011,-0.6631226582407952
2018-08-24,44.776999999999994,47.8,23.0,44.91003494018714,819,337720,3,34,8,-0.8229838658936564,-0.5680647467311559
2018-08-31,45.32266666666667,48.5,24.0,45.43205302633874,696,286650,3,35,8,-0.8854560256532096,-0.4647231720437691
2018-09-07,49.88275,53.0,36.0,49.38396883593034,1325,545500,4,36,9,-0.9350162426854147,-0.3546048870425359
2018-09-14,48.656,51.2,36.0,48.62671835661609,1093,448830,3,37,9,-0.970941817426052,-0.23931566428755774
2018-09-21,47.02875,50.5,37.0,47.56113412949874,900,369270,4,38,9,-0.992708874098054,-0.12053668025532357
2018-09-28,45.6954,50.0,35.0,45.39454330532571,763,313010,5,39,9,-1.0,-1.8369701987210297e-16
2018-10-05,46.0635,49.0,35.0,46.07359413202934,957,392640,4,40,10,-0.992708874098054,0.1205366802553232
2018-10-12,42.259,48.0,30.0,44.4570717861067,795,327640,4,41,10,-0.9709418174260521,0.23931566428755738
2018-10-19,46.69725,51.7,30.0,46.02996992243153,766,315850,4,42,10,-0.9350162426854148,0.35460488704253557
2018-10-26,44.529199999999996,48.5,36.0,45.46994258972057,896,367530,5,43,10,-0.8854560256532101,0.464723172043768
2018-11-02,44.1085,48.0,36.0,44.18172392254841,779,320200,4,44,11,-0.822983865893657,0.5680647467311548
2018-11-09,43.63525,47.0,35.0,43.29096245811976,848,349210,4,45,11,-0.7485107481711011,0.6631226582407952
2018-11-16,45.217666666666666,48.0,33.0,44.63958929157485,519,213290,3,46,11,-0.6631226582407955,0.7485107481711007
2018-11-23,43.886250000000004,47.0,31.0,43.46786446135831,999,409920,4,47,11,-0.5680647467311559,0.8229838658936564
2018-11-30,45.19566666666666,49.0,28.0,45.33783185840708,891,366120,3,48,11,-0.4647231720437684,0.88545602565321
2018-12-07,45.305499999999995,49.2,31.0,45.223159053613344,1177,481410,4,49,12,-0.35460488704253595,0.9350162426854147
2018-12-14,46.9588,50.2,33.0,46.75884083644626,1579,649175,5,50,12,-0.2393156642875578,0.970941817426052
2018-12-21,46.8586,51.0,34.0,46.4276259640606,1246,510860,5,51,12,-0.12053668025532363,0.992708874098054
2018-12-28,51.252,54.0,35.0,51.329998254647,556,229180,3,52,12,6.432490598706546e-16,1.0
2019-01-04,53.026666666666664,56.0,30.0,53.42621400729285,967,397650,3,1,1,0.12053668025532305,0.992708874098054
2019-01-11,52.798249999999996,56.0,37.0,52.48946581752015,1123,461640,4,2,1,0.23931566428755774,0.970941817426052
2019-01-18,54.1445,58.0,35.0,54.475713908421646,1477,605820,4,3,1,0.3546048870425356,0.9350162426854148
2019-01-25,54.7335,62.8,34.0,57.29610406419881,1318,540820,4,4,1,0.4647231720437685,0.8854560256532099
2019-02-01,61.659,66.0,37.0,61.57519309926368,1485,609790,3,5,2,0.5680647467311558,0.8229838658936564
2019-02-08,63.11925,68.0,40.0,62.690497777002875,1396,573550,4,6,2,0.6631226582407952,0.7485107481711011
2019-02-15,67.40325,73.4,50.0,68.11850740606624,1408,579930,4,7,2,0.7485107481711011,0.6631226582407953
2019-02-22,66.97266666666667,73.0,45.0,67.03645986474567,1161,476140,3,8,2,0.8229838658936564,0.5680647467311559
2019-03-01,65.80533333333334,73.0,40.0,65.70133265535287,1147,471990,3,9,3,0.8854560256532099,0.4647231720437686
2019-03-08,65.08233333333334,71.0,54.0,66.20670527338714,1227,504230,3,10,3,0.9350162426854148,0.35460488704253557
2019-03-15,65.91225,71.0,40.0,66.0088359692576,1477,607630,4,11,3,0.970941817426052,0.23931566428755804
2019-03-22,62.844,68.0,35.0,62.901873886198764,1354,555530,3,12,3,0.992708874098054,0.120536680255323
2019-03-29,61.93025,69.7,50.0,63.268114757925204,1042,428380,4,13,3,1.0,-1.6081226496766364e-16
2019-04-05,60.59275,70.7,40.0,64.2976332499519,885,363790,4,14,4,0.992708874098054,-0.12053668025532288
2019-04-12,62.885,70.0,50.0,63.75534595842956,1314,541250,4,15,4,0.9709418174260521,-0.2393156642875575
2019-04-19,54.413333333333334,69.0,35.0,63.02782105933657,496,204090,3,16,4,0.9350162426854148,-0.35460488704253545
2019-04-26,64.944,70.0,35.0,64.77473282907144,1202,493130,3,17,4,0.8854560256532099,-0.4647231720437685
2019-05-03,64.596,69.0,50.0,63.505021520803446,575,236980,3,18,5,0.8229838658936565,-0.5680647467311557
2019-05-10,61.2615,66.0,42.0,60.279905866591456,1380,567280,4,19,5,0.7485107481711013,-0.663122658240795
2019-05-17,62.21725,69.5,30.0,61.81868890870622,1391,571890,4,20,5,0.6631226582407952,-0.7485107481711012
2019-05-24,64.28166666666667,68.8,52.0,64.5601088240952,884,363890,3,21,5,0.5680647467311558,-0.8229838658936564
2019-05-31,62.036333333333324,68.0,47.0,63.51419302740031,874,359120,3,22,5,0.46472317204376906,-0.8854560256532096
2019-06-07,61.720666666666666,66.0,45.0,61.60692925320552,1189,488220,3,23,6,0.35460488704253584,-0.9350162426854147
2019-06-14,63.36725,68.0,40.0,62.893933038340535,951,390970,4,24,6,0.23931566428755768,-0.970941817426052
2019-06-21,66.83233333333334,71.0,55.0,66.14120792702107,772,317900,3,25,6,0.12053668025532308,-0.992708874098054
2019-06-28,63.617,67.0,45.0,63.79690524144029,989,407140,3,26,6,-3.216245299353273e-16,-1.0
2019-07-05,63.536,69.0,50.0,63.892620283567055,1255,516280,4,27,7,-0.12053668025532283,-0.992708874098054
2019-07-12,64.655,69.0,56.0,64.67053891339849,999,410270,2,28,7,-0.23931566428755743,-0.9709418174260521
2019-07-19,62.888,67.0,50.0,62.98862481083388,1254,515420,3,29,7,-0.3546048870425356,-0.9350162426854148
2019-07-26,62.8215,67.5,50.0,63.813268058294234,1071,441210,4,30,7,-0.46472317204376806,-0.8854560256532101
2019-08-02,64.585,69.0,30.0,64.59023457903984,1020,421180,3,31,8,-0.5680647467311556,-0.8229838658936565
2019-08-09,63.577333333333335,69.0,42.0,63.47052850820099,1210,499330,3,32,8,-0.663122658240795,-0.7485107481711013
2019-08-16,65.66825,77.5,45.0,70.40738415324765,987,406140,4,33,8,-0.7485107481711011,-0.6631226582407952
2019-08-23,71.32233333333333,77.8,50.0,71.19555596129268,1333,547700,3,34,8,-0.8229838658936564,-0.5680647467311559
2019-08-30,67.64999999999999,72.0,55.0,67.4226788467291,1058,434590,3,35,8,-0.8854560256532096,-0.4647231720437691
2019-09-06,67.43975,70.0,50.0,67.18833114853282,1209,495850,4,36,9,-0.9350162426854147,-0.3546048870425359
2019-09-13,68.35766666666666,73.0,55.0,68.18916342656466,1356,558110,3,37,9,-0.970941817426052,-0.23931566428755774
2019-09-20,65.58133333333333,72.0,50.0,65.98568023572247,1296,532830,3,38,9,-0.992708874098054,-0.12053668025532357
2019-09-27,65.05,69.0,53.0,65.10209271790728,1207,495050,3,39,9,-1.0,-1.8369701987210297e-16
2019-10-04,66.6482,72.0,50.0,67.0800642894222,1220,500860,5,40,10,-0.992708874098054,0.1205366802553232
2019-10-11,67.1365,73.0,50.0,66.78978862452773,1666,685510,4,41,10,-0.9709418174260521,0.23931566428755738
2019-10-18,69.7965,74.0,45.4,69.25314336529539,629,258640,4,42,10,-0.9350162426854148,0.35460488704253557
2019-10-25,72.71233333333333,84.5,58.0,72.61642574577662,981,401930,3,43,10,-0.8854560256532101,0.464723172043768
2019-11-01,80.02166666666666,86.5,62.0,77.85044249159189,1568,645210,3,44,11,-0.822983865893657,0.5680647467311548
2019-11-08,77.66525,83.6,60.0,77.78921899666724,1112,456080,4,45,11,-0.7485107481711011,0.6631226582407952
2019-11-15,78.38275,81.8,60.0,77.86115820340667,1520,624070,4,46,11,-0.6631226582407955,0.7485107481711007
2019-11-22,79.02850000000001,82.0,60.0,78.21908083794928,1168,480220,4,47,11,-0.5680647467311559,0.8229838658936564
2019-11-29,79.4264,84.8,45.0,79.51628983562563,1451,596200,5,48,11,-0.4647231720437684,0.88545602565321
2019-12-06,78.98575,84.6,65.0,79.42577522121113,1548,636270,4,49,12,-0.35460488704253595,0.9350162426854147
2019-12-13,84.4815,92.0,70.0,84.64580959287268,1646,675710,4,50,12,-0.2393156642875578,0.970941817426052
2019-12-20,89.78139999999999,96.5,50.0,89.12788366225107,2162,887760,5,51,12,-0.12053668025532363,0.992708874098054
2019-12-27,89.9965,94.5,75.0,89.84667927909987,489,200860,4,52,12,6.432490598706546e-16,1.0
2020-01-03,90.83066666666667,93.0,60.0,89.84677916599058,900,369780,3,1,1,0.12053668025532305,0.992708874098054
2020-01-10,84.87733333333334,92.0,45.0,85.05276420885868,1473,605960,3,2,1,0.23931566428755774,0.970941817426052
2020-01-17,84.70766666666667,91.0,60.0,84.97712143928035,807,333500,3,3,1,0.3546048870425356,0.9350162426854148
2020-01-24,80.7295,90.5,45.0,85.86697656147702,930,381850,4,4,1,0.4647231720437685,0.8854560256532099
2020-01-31,88.02566666666667,95.0,70.0,88.15493887910495,945,386120,3,5,1,0.5680647467311558,0.8229838658936564
2020-02-07,91.57725,96.0,50.0,90.88257093558282,1271,521600,4,6,2,0.6631226582407952,0.7485107481711011
2020-02-14,92.50733333333334,99.0,65.0,92.55481953290871,1262,518100,3,7,2,0.7485107481711011,0.6631226582407953
2020-02-21,93.132,100.0,55.0,93.04672860118359,1472,604940,4,8,2,0.8229838658936564,0.5680647467311559
2020-02-28,92.412,99.0,70.0,92.64534478466517,780,321360,2,9,2,0.8854560256532099,0.4647231720437686
2020-03-06,92.57480000000001,100.0,45.0,92.54556624021903,1436,591710,5,10,3,0.9350162426854148,0.35460488704253557
2020-03-13,97.258,108.0,75.0,101.3974324566112,547,223560,3,11,3,0.970941817426052,0.23931566428755804
2020-03-20,97.99925,109.0,63.0,97.39258753510421,1888,776260,4,12,3,0.992708874098054,0.120536680255323
2020-03-27,95.63366666666667,108.0,77.0,94.6089318227797,1204,494300,3,13,3,1.0,-1.6081226496766364e-16
2020-04-03,95.4285,105.0,68.0,95.4578577640089,1791,735960,2,14,4,0.992708874098054,-0.12053668025532288
2020-04-10,94.922,102.0,50.0,94.87842831411434,1313,538530,2,15,4,0.9709418174260521,-0.2393156642875575
2020-04-17,91.95966666666668,100.0,70.0,91.93122238312725,1310,538620,3,16,4,0.9350162426854148,-0.35460488704253545
2020-04-24,89.79,96.0,50.0,90.11467388930147,1677,686730,3,17,4,0.8854560256532099,-0.4647231720437685
2020-05-01,95.21133333333334,99.0,85.0,94.3965313878817,557,228910,3,18,5,0.8229838658936565,-0.5680647467311557
2020-05-08,92.254,98.0,70.0,92.17972420745647,1349,555490,3,19,5,0.7485107481711013,-0.663122658240795
2020-05-15,94.31533333333334,100.0,75.0,94.3904640325662,1359,560090,3,20,5,0.6631226582407952,-0.7485107481711012
2020-05-22,95.45,100.0,70.0,95.2387666146478,1354,557490,3,21,5,0.5680647467311558,-0.8229838658936564
2020-05-29,95.58933333333334,99.5,75.0,95.4800391868724,992,408300,3,22,5,0.46472317204376906,-0.8854560256532096
2020-06-05,95.49900000000001,100.0,50.0,95.67995456512332,1345,554640,3,23,6,0.35460488704253584,-0.9350162426854147
2020-06-12,94.78233333333333,99.5,53.0,95.02103400825634,1485,610440,3,24,6,0.23931566428755768,-0.970941817426052
2020-06-19,96.164,102.0,45.0,95.83923889649775,1241,511100,3,25,6,0.12053668025532308,-0.992708874098054
2020-06-26,99.89333333333333,105.0,85.0,99.71159914821561,947,389770,3,26,6,-3.216245299353273e-16,-1.0
2020-07-03,100.20800000000001,107.0,56.0,100.02940806203893,964,397170,3,27,7,-0.12053668025532283,-0.992708874098054
2020-07-10,97.5025,104.0,70.0,97.6068142976619,1333,550020,2,28,7,-0.23931566428755743,-0.9709418174260521
2020-07-17,98.42633333333333,102.0,50.0,98.4688939701897,1436,590400,3,29,7,-0.3546048870425356,-0.9350162426854148
2020-07-24,100.68933333333332,106.0,80.0,100.66896955503513,834,341600,3,30,7,-0.46472317204376806,-0.8854560256532101
2020-07-31,106.86099999999999,113.0,55.0,106.90025207854237,1099,452240,3,31,7,-0.5680647467311556,-0.8229838658936565
2020-08-07,105.30933333333333,110.0,55.0,105.21238810018988,1346,552950,3,32,8,-0.663122658240795,-0.7485107481711013
2020-08-14,105.94366666666667,112.0,70.0,105.77925838898507,1178,485160,3,33,8,-0.7485107481711011,-0.6631226582407952
2020-08-21,106.15599999999999,114.0,65.0,106.4372057748538,1330,547200,3,34,8,-0.8229838658936564,-0.5680647467311559
2020-08-28,106.40233333333333,111.0,85.0,106.39227723831688,907,373830,3,35,8,-0.8854560256532096,-0.4647231720437691
2020-09-04,104.46825,110.0,80.0,104.8530942999269,1363,560870,4,36,9,-0.9350162426854147,-0.3546048870425359
2020-09-11,104.49233333333332,110.0,85.0,104.42991545092838,1174,482560,3,37,9,-0.970941817426052,-0.23931566428755774
2020-09-18,99.95533333333333,109.5,70.0,99.72605284888522,887,363300,3,38,9,-0.992708874098054,-0.12053668025532357
2020-09-25,102.92,108.0,85.0,103.06043943429148,1060,435560,3,39,9,-1.0,-1.8369701987210297e-16
2020-10-02,102.73766666666667,110.0,70.0,102.46436599365794,1211,498260,3,40,10,-0.992708874098054,0.1205366802553232
2020-10-09,104.55825,113.0,70.0,104.42619875861128,1423,586440,4,41,10,-0.9709418174260521,0.23931566428755738
2020-10-16,107.46366666666665,115.0,80.0,106.96206080022286,1397,574340,3,42,10,-0.9350162426854148,0.35460488704253557
2020-10-23,106.516,116.0,80.0,106.82038011760301,1106,454070,3,43,10,-0.8854560256532101,0.464723172043768
2020-10-30,112.48266666666666,120.0,90.0,112.652074737513,1450,596220,3,44,10,-0.822983865893657,0.5680647467311548
2020-11-06,114.53775,125.0,85.0,114.3700300822732,1344,551820,4,45,11,-0.7485107481711011,0.6631226582407952
2020-11-13,116.77066666666667,125.0,90.0,117.15933575733091,1449,594060,3,46,11,-0.6631226582407955,0.7485107481711007
2020-11-20,125.86075000000001,133.6,95.0,125.14977438328505,1385,569550,4,47,11,-0.5680647467311559,0.8229838658936564
2020-11-27,135.5395,151.0,90.0,137.89288117247835,1669,683680,4,48,11,-0.4647231720437684,0.88545602565321
2020-12-04,142.43349999999998,149.0,105.0,141.92833928191553,2060,846140,4,49,12,-0.35460488704253595,0.9350162426854147
2020-12-11,145.1365,160.0,110.0,145.13190063091483,1235,507200,2,50,12,-0.2393156642875578,0.970941817426052
2020-12-18,155.4665,179.0,80.0,155.9442504279775,1992,817800,4,51,12,-0.12053668025532363,0.992708874098054
2020-12-25,163.75466666666668,173.0,100.0,162.05304833159272,1420,584090,3,52,12,6.432490598706546e-16,1.0
2021-01-01,149.87266666666667,165.0,110.0,152.55758880516686,634,260120,3,53,1,0.12053668025532314,0.992708874098054
2021-01-08,150.604,170.0,90.0,150.8220281752077,1549,636730,3,1,1,0.12053668025532305,0.992708874098054
2021-01-15,156.33933333333334,167.0,110.0,154.81843589443207,1454,597530,3,2,1,0.23931566428755774,0.970941817426052
2021-01-22,151.17433333333335,162.0,115.0,151.17226314731204,1329,547070,3,3,1,0.3546048870425356,0.9350162426854148
2021-01-29,158.43266666666668,176.0,95.0,158.5122312898089,1220,502400,3,4,1,0.4647231720437685,0.8854560256532099
2021-02-05,157.83399999999997,176.0,95.0,157.58398440064605,1854,761570,3,5,2,0.5680647467311558,0.8229838658936564
2021-02-12,160.37566666666666,170.0,100.0,159.74088529537792,1309,536770,3,6,2,0.6631226582407952,0.7485107481711011
2021-02-19,160.89233333333334,173.0,100.0,159.9162914878023,928,382040,3,7,2,0.7485107481711011,0.6631226582407953
2021-02-26,172.81033333333335,190.0,125.0,173.3713614671564,975,400230,3,8,2,0.8229838658936564,0.5680647467311559
2021-03-05,169.56500000000003,188.0,90.0,168.6735967815197,1878,770550,3,9,3,0.8854560256532099,0.4647231720437686
2021-03-12,171.26966666666667,185.0,90.0,171.13630629398264,1604,657930,3,10,3,0.9350162426854148,0.35460488704253557
2021-03-19,169.979,186.0,120.0,170.9736199647362,1437,589840,3,11,3,0.970941817426052,0.23931566428755804
2021-03-26,172.70999999999998,185.0,132.0,172.76724941086206,1336,547410,2,12,3,0.992708874098054,0.120536680255323
2021-04-02,173.63049999999998,185.0,140.0,174.24154651247895,662,273260,2,13,4,1.0,-1.6081226496766364e-16
2021-04-09,175.7876666666667,189.0,130.0,174.9110937113657,1472,606650,3,14,4,0.992708874098054,-0.12053668025532288
2021-04-16,181.96933333333334,195.0,144.0,180.70134128686794,1394,573330,3,15,4,0.9709418174260521,-0.2393156642875575
2021-04-23,189.03100000000003,202.0,120.0,189.08486302646293,1042,429280,3,16,4,0.9350162426854148,-0.35460488704253545
2021-04-30,189.58033333333333,201.5,150.0,188.20083910625428,1246,512450,3,17,4,0.8854560256532099,-0.4647231720437685
2021-05-07,187.89433333333332,204.0,150.0,187.5804317643536,893,367330,3,18,5,0.8229838658936565,-0.5680647467311557
2021-05-14,183.9896666666667,205.0,130.0,184.00299479166668,1124,460800,3,19,5,0.7485107481711013,-0.663122658240795
2021-05-21,191.659,219.0,160.0,191.62481590574373,727,298760,2,20,5,0.6631226582407952,-0.7485107481711012
2021-05-28,,,,,0,0,0,21,5,0.5680647467311558,-0.8229838658936564
2021-06-04,193.08800000000002,215.0,150.0,193.05205808343143,1056,433170,2,22,6,0.46472317204376906,-0.8854560256532096
2021-06-11,185.71,202.0,140.0,184.84895129895924,1222,503480,4,23,6,0.35460488704253584,-0.9350162426854147
2021-06-18,181.41366666666667,207.0,140.0,181.0990816046788,1062,437720,3,24,6,0.23931566428755768,-0.970941817426052
2021-06-25,183.52433333333332,204.0,150.0,183.54389943981417,889,365950,3,25,6,0.12053668025532308,-0.992708874098054
2021-07-02,177.84975,192.0,150.0,174.74674526671532,633,260390,4,26,7,-3.216245299353273e-16,-1.0
2021-07-09,179.293,205.0,115.0,179.05549408460294,568,234980,2,27,7,-0.12053668025532283,-0.992708874098054
2021-07-16,183.07033333333334,197.0,140.0,182.3266099914659,741,304660,3,28,7,-0.23931566428755743,-0.9709418174260521
2021-07-23,175.6833333333333,195.0,85.0,175.79828596782104,1041,428230,3,29,7,-0.3546048870425356,-0.9350162426854148
2021-07-30,182.26933333333332,200.0,130.0,180.81038544433864,486,199510,3,30,7,-0.46472317204376806,-0.8854560256532101
2021-08-06,179.00166666666667,195.0,17.0,178.97657612057816,866,355620,3,31,8,-0.5680647467311556,-0.8229838658936565
2021-08-13,177.99133333333336,200.0,120.0,177.6141153157273,636,262410,3,32,8,-0.663122658240795,-0.7485107481711013
2021-08-20,176.06866666666667,190.0,145.0,176.38040800236524,492,202940,3,33,8,-0.7485107481711011,-0.6631226582407952
2021-08-27,182.31333333333336,195.0,100.0,182.36859314176093,610,250210,3,34,8,-0.8229838658936564,-0.5680647467311559
2021-09-03,182.24,200.0,115.0,182.1426249051696,897,369080,3,35,9,-0.8854560256532096,-0.4647231720437691
2021-09-10,183.21066666666664,205.0,150.0,185.42290700242987,550,226350,3,36,9,-0.9350162426854147,-0.3546048870425359
2021-09-17,182.20333333333335,197.0,148.0,181.95607247677492,1005,412270,3,37,9,-0.970941817426052,-0.23931566428755774
2021-09-24,181.09833333333333,195.0,145.0,180.90113718713417,874,358780,3,38,9,-0.992708874098054,-0.12053668025532357
2021-10-01,184.69233333333332,201.0,140.0,184.6312397556251,653,268440,3,39,10,-1.0,-1.8369701987210297e-16
2021-10-08,188.095,200.0,152.0,188.94950405770965,566,232890,2,40,10,-0.992708874098054,0.1205366802553232
2021-10-15,186.5376666666667,208.0,145.0,186.2704454209212,770,316330,3,41,10,-0.9709418174260521,0.23931566428755738
2021-10-22,191.89225,202.5,155.0,192.0665280406415,981,401560,4,42,10,-0.9350162426854148,0.35460488704253557
2021-10-29,187.034,202.0,150.0,187.43771360908528,903,371590,3,43,10,-0.8854560256532101,0.464723172043768
2021-11-05,201.37266666666667,210.0,135.0,202.2691634241245,750,308400,3,44,11,-0.822983865893657,0.5680647467311548
2021-11-12,206.428,228.0,150.0,203.25356494338817,913,374480,4,45,11,-0.7485107481711011,0.6631226582407952
2021-11-19,240.494,267.0,145.0,237.7326059566724,1390,571460,4,46,11,-0.6631226582407955,0.7485107481711007
2021-11-26,222.03975,246.0,120.0,225.08991512436637,821,339320,4,47,11,-0.5680647467311559,0.8229838658936564
2021-12-03,230.256,250.0,150.0,229.16258197489225,1301,533700,4,48,12,-0.4647231720437684,0.88545602565321
2021-12-10,237.86533333333333,261.0,180.0,235.9174677608441,724,298550,3,49,12,-0.35460488704253595,0.9350162426854147
2021-12-17,240.756,264.0,165.0,241.18872281646242,1722,705850,4,50,12,-0.2393156642875578,0.970941817426052
2021-12-24,228.359,251.0,180.0,229.0560869416161,712,291690,2,51,12,-0.12053668025532363,0.992708874098054
2021-12-31,231.957,257.0,195.0,228.68038580186652,624,256090,2,52,12,6.432490598706546e-16,1.0
2022-01-07,231.21033333333332,250.0,185.0,231.65356458079137,1115,458960,3,1,1,0.12053668025532305,0.992708874098054
2022-01-14,221.07566666666665,245.0,160.0,220.53834400629142,1085,445050,3,2,1,0.23931566428755774,0.970941817426052
2022-01-21,238.58866666666665,260.0,165.0,236.31591982268478,1264,518850,3,3,1,0.3546048870425356,0.9350162426854148
2022-01-28,242.909,265.0,200.0,242.2994407727504,862,354060,3,4,1,0.4647231720437685,0.8854560256532099
2022-02-04,242.26433333333333,268.0,180.0,241.39700333570295,888,365740,3,5,2,0.5680647467311558,0.8229838658936564
2022-02-11,258.423,285.0,220.0,258.5114777197205,830,340660,3,6,2,0.6631226582407952,0.7485107481711011
2022-02-18,283.817,303.0,180.0,284.81983799914735,856,351850,3,7,2,0.7485107481711011,0.6631226582407953
2022-02-25,281.066,298.0,160.0,280.404163868368,995,409475,5,8,2,0.8229838658936564,0.5680647467311559
2022-03-04,277.1503333333333,296.0,180.0,269.46838030349954,784,322900,3,9,3,0.8854560256532099,0.4647231720437686
2022-03-11,277.642,303.0,180.0,280.4245013132329,1243,512095,4,10,3,0.9350162426854148,0.35460488704253557
2022-03-18,280.64125,306.0,220.0,281.6393319594506,1019,419735,4,11,3,0.970941817426052,0.23931566428755804
2022-03-25,281.1345,300.0,230.0,278.5523797488713,1057,435235,4,12,3,0.992708874098054,0.120536680255323
2022-04-01,277.95425,300.0,200.0,275.1788128789025,1044,429695,4,13,4,1.0,-1.6081226496766364e-16
2022-04-08,291.019,333.0,200.0,291.3831994608271,1103,452545,3,14,4,0.992708874098054,-0.12053668025532288
2022-04-15,332.827,354.0,230.0,334.2952978410761,215,88470,2,15,4,0.9709418174260521,-0.2393156642875575
2022-04-22,305.5555,339.0,225.0,301.1406234118245,1436,590300,4,16,4,0.9350162426854148,-0.35460488704253545
2022-04-29,304.0306666666667,350.0,220.0,305.1417135942663,1304,537175,3,17,4,0.8854560256532099,-0.4647231720437685
2022-05-06,299.459,349.0,170.0,298.66774840941116,1138,468380,3,18,5,0.8229838658936565,-0.5680647467311557
2022-05-13,303.73900000000003,340.0,170.0,305.07729505263956,1126,461155,3,19,5,0.7485107481711013,-0.663122658240795
2022-05-20,285.865,345.0,200.0,300.2667771447354,891,365080,3,20,5,0.6631226582407952,-0.7485107481711012
2022-05-27,309.2846666666667,350.0,260.0,310.52421055083806,1044,429255,3,21,5,0.5680647467311558,-0.8229838658936564
2022-06-03,304.75466666666665,340.0,190.0,304.6021984370724,800,328870,3,22,6,0.46472317204376906,-0.8854560256532096
2022-06-10,296.326,333.0,190.0,293.83466111313123,1102,453765,3,23,6,0.35460488704253584,-0.9350162426854147
2022-06-17,291.39700000000005,334.0,200.0,291.4156559299129,575,237533,2,24,6,0.23931566428755768,-0.970941817426052
2022-06-24,301.42699999999996,336.0,250.0,302.626024691358,737,303750,3,25,6,0.12053668025532308,-0.992708874098054
2022-07-01,292.53866666666664,320.0,190.0,294.0624729402776,478,196325,3,26,7,-3.216245299353273e-16,-1.0
2022-07-08,297.463,340.0,170.0,297.1913625215512,998,411810,3,27,7,-0.12053668025532283,-0.992708874098054
2022-07-15,282.2355,321.0,225.0,283.5712628705009,682,280195,2,28,7,-0.23931566428755743,-0.9709418174260521
2022-07-22,293.5245,326.0,240.0,291.32780828532606,650,267147,4,29,7,-0.3546048870425356,-0.9350162426854148
2022-07-29,306.56533333333334,334.0,280.0,306.2440202344026,586,240185,3,30,7,-0.46472317204376806,-0.8854560256532101
2022-08-05,301.8343333333333,330.0,220.0,303.59327956989245,816,334800,3,31,8,-0.5680647467311556,-0.8229838658936565
2022-08-12,305.1086666666667,345.0,250.0,306.8497566402448,874,359550,3,32,8,-0.663122658240795,-0.7485107481711013
2022-08-19,314.77566666666667,340.0,250.0,312.5582222749307,820,337285,3,33,8,-0.7485107481711011,-0.6631226582407952
2022-08-26,320.336,344.0,230.0,319.30575233437617,1011,417135,3,34,8,-0.8229838658936564,-0.5680647467311559
2022-09-02,313.89799999999997,340.0,220.0,315.37351830713845,693,284725,3,35,9,-0.8854560256532096,-0.4647231720437691
2022-09-09,312.9253333333333,340.0,230.0,311.9871426233724,1037,427770,3,36,9,-0.9350162426854147,-0.3546048870425359
2022-09-16,303.7526666666667,335.0,240.0,299.3371447166149,1084,445595,3,37,9,-0.970941817426052,-0.23931566428755774
2022-09-23,299.0696666666667,340.0,190.0,300.3966560184871,535,220695,3,38,9,-0.992708874098054,-0.12053668025532357
2022-09-30,304.07366666666667,335.0,250.0,304.033197159438,638,261920,3,39,9,-1.0,-1.8369701987210297e-16
2022-10-07,290.564,360.0,220.0,290.6396379348409,772,317070,2,40,10,-0.992708874098054,0.1205366802553232
2022-10-14,299.99966666666666,332.0,240.0,298.1484638932592,998,409965,3,41,10,-0.9709418174260521,0.23931566428755738
2022-10-21,288.3265,325.0,170.0,288.22059008634795,966,397230,4,42,10,-0.9350162426854148,0.35460488704253557
2022-10-28,276.117,325.0,180.0,273.5906598834338,987,404920,3,43,10,-0.8854560256532101,0.464723172043768
2022-11-04,292.6306666666667,330.0,210.0,291.8770044246399,773,318670,3,44,11,-0.822983865893657,0.5680647467311548
2022-11-11,289.26733333333334,340.0,230.0,290.6038843149673,865,355275,3,45,11,-0.7485107481711011,0.6631226582407952
2022-11-18,303.56925,330.0,250.0,303.7630106590071,894,367295,4,46,11,-0.6631226582407955,0.7485107481711007
2022-11-25,287.3023333333333,326.0,150.0,291.69353838116695,1117,459405,3,47,11,-0.5680647467311559,0.8229838658936564
2022-12-02,299.57233333333335,342.0,200.0,298.7774159639862,1066,437610,3,48,12,-0.4647231720437684,0.88545602565321
2022-12-09,302.929,330.0,230.0,305.95649762050743,832,342510,2,49,12,-0.35460488704253595,0.9350162426854147
2022-12-16,308.16375,340.0,205.0,308.45631029417603,1530,629725,4,50,12,-0.2393156642875578,0.970941817426052
2022-12-23,286.76,330.0,215.0,289.4051345319453,877,360695,3,51,12,-0.12053668025532363,0.992708874098054
2022-12-30,316.2536666666667,344.0,200.0,305.751808601538,639,263325,3,52,12,6.432490598706546e-16,1.0
2023-01-06,308.104,345.0,220.0,308.00809519268466,1150,471885,3,1,1,0.12053668025532305,0.992708874098054
2023-01-13,309.81466666666665,339.0,200.0,310.119940757165,1403,577285,3,2,1,0.23931566428755774,0.970941817426052
2023-01-20,330.26933333333335,390.0,240.0,332.0360678065034,997,411170,3,3,1,0.3546048870425356,0.9350162426854148
2023-01-27,409.11133333333333,476.0,237.0,408.6216905161926,1256,517830,3,4,1,0.4647231720437685,0.8854560256532099
2023-02-03,428.5953333333334,465.0,280.0,427.84968096690875,1351,555585,3,5,2,0.5680647467311558,0.8229838658936564
2023-02-10,445.9056666666667,500.0,330.0,443.88423316435654,1026,423135,3,6,2,0.6631226582407952,0.7485107481711011
2023-02-17,476.21733333333333,534.0,300.0,475.8373119475502,1037,427075,3,7,2,0.7485107481711011,0.6631226582407953
2023-02-24,480.90333333333336,536.0,350.0,487.82270897290175,1145,470695,3,8,2,0.8229838658936564,0.5680647467311559
2023-03-03,478.74333333333334,550.0,310.0,474.0777998307113,1671,685220,3,9,3,0.8854560256532099,0.4647231720437686
2023-03-10,455.11566666666664,530.0,210.0,451.9767904008855,1451,596305,3,10,3,0.9350162426854148,0.35460488704253557
2023-03-17,475.675,535.0,300.0,476.67178518449845,1053,431440,3,11,3,0.970941817426052,0.23931566428755804
2023-03-24,479.25300000000004,530.0,200.0,480.37734973984374,844,344985,2,12,3,0.992708874098054,0.120536680255323
2023-03-31,477.90166666666664,535.0,350.0,471.5844840651707,1150,475060,3,13,3,1.0,-1.6081226496766364e-16
2023-04-07,483.7665,540.0,350.0,485.71242563059553,639,263045,2,14,4,0.992708874098054,-0.12053668025532288
2023-04-14,489.01233333333334,535.0,250.0,486.7454364306818,1058,436610,3,15,4,0.9709418174260521,-0.2393156642875575
2023-04-21,468.98,525.0,250.0,469.2237012259255,1409,579970,3,16,4,0.9350162426854148,-0.35460488704253545
2023-04-28,488.9186666666667,540.0,229.0,489.14363143631437,854,350550,3,17,4,0.8854560256532099,-0.4647231720437685
2023-05-05,491.88000000000005,534.0,320.0,493.5423455660416,889,366095,3,18,5,0.8229838658936565,-0.5680647467311557
2023-05-12,485.68800000000005,545.0,200.0,483.33371981265924,795,327745,3,19,5,0.7485107481711013,-0.663122658240795
2023-05-19,475.87,530.0,170.0,478.98461793508505,1024,422245,4,20,5,0.6631226582407952,-0.7485107481711012
2023-05-26,488.397,520.0,400.0,476.6747108318718,546,225215,3,21,5,0.5680647467311558,-0.8229838658936564
2023-06-02,490.51475,555.0,300.0,488.17916723576127,1246,512510,4,22,6,0.46472317204376906,-0.8854560256532096
2023-06-09,464.24,520.0,250.0,464.04613806390273,971,399670,3,23,6,0.35460488704253584,-0.9350162426854147
2023-06-16,453.44425,552.0,210.0,455.3862469583808,867,355485,4,24,6,0.23931566428755768,-0.970941817426052
2023-06-23,479.3283333333333,547.0,175.0,482.01431708638734,851,350630,3,25,6,0.12053668025532308,-0.992708874098054
2023-06-30,494.11066666666665,540.0,360.0,489.8260495023613,791,325035,3,26,6,-3.216245299353273e-16,-1.0
2023-07-07,500.74399999999997,540.0,300.0,503.2238788827982,1167,478875,3,27,7,-0.12053668025532283,-0.992708874098054
2023-07-14,497.89433333333335,545.0,350.0,497.69449083649477,1099,452065,3,28,7,-0.23931566428755743,-0.9709418174260521
2023-07-21,500.5443333333333,544.0,330.0,500.6808056209829,1221,500980,3,29,7,-0.3546048870425356,-0.9350162426854148
2023-07-28,540.4766666666666,665.0,320.0,525.6000234895388,725,298005,3,30,7,-0.46472317204376806,-0.8854560256532101
2023-08-04,618.5146666666666,670.0,450.0,621.5737224845521,871,356845,3,31,8,-0.5680647467311556,-0.8229838658936565
2023-08-11,641.302,740.0,300.0,640.1503267100499,909,374185,3,32,8,-0.663122658240795,-0.7485107481711013
2023-08-18,844.1686666666666,970.0,550.0,839.4278897514422,1022,421230,3,33,8,-0.7485107481711011,-0.6631226582407952
2023-08-25,827.1513333333334,912.0,620.0,814.281800201031,750,308410,3,34,8,-0.8229838658936564,-0.5680647467311559
2023-09-01,761.3393333333333,825.0,550.0,767.1877961990776,762,313345,3,35,9,-0.8854560256532096,-0.4647231720437691
2023-09-08,763.9416666666666,847.0,550.0,765.0801192260083,748,306980,3,36,9,-0.9350162426854147,-0.3546048870425359
2023-09-15,756.72175,812.0,570.0,738.2636763643528,742,304540,4,37,9,-0.970941817426052,-0.23931566428755774
2023-09-22,686.3766666666667,740.0,450.0,686.5038488318119,628,258520,3,38,9,-0.992708874098054,-0.12053668025532357
2023-09-29,671.1316666666667,766.0,500.0,674.284986675836,567,232660,3,39,9,-1.0,-1.8369701987210297e-16
2023-10-06,776.7869999999999,882.0,647.0,789.0008097883162,963,395165,3,40,10,-0.992708874098054,0.1205366802553232
2023-10-13,855.7373333333334,940.0,600.0,858.0193762289553,851,348365,3,41,10,-0.9709418174260521,0.23931566428755738
2023-10-20,919.2826666666666,1030.0,650.0,923.9987411395592,628,258170,3,42,10,-0.9350162426854148,0.35460488704253557
2023-10-27,954.352,1050.0,630.0,941.9023138799696,1470,604180,3,43,10,-0.8854560256532101,0.464723172043768
2023-11-03,839.89525,950.0,650.0,835.2056769398347,762,312140,4,44,11,-0.822983865893657,0.5680647467311548
2023-11-10,911.8090000000001,1000.0,750.0,913.2427636113025,776,319220,3,45,11,-0.7485107481711011,0.6631226582407952
2023-11-17,977.63775,1060.0,700.0,972.8256234041397,896,368140,4,46,11,-0.6631226582407955,0.7485107481711007
2023-11-24,1047.1833333333334,1210.0,750.0,1046.5933282701408,1041,427925,3,47,11,-0.5680647467311559,0.8229838658936564
2023-12-01,1090.2656666666664,1290.0,800.0,1084.030861999911,1094,449420,3,48,12,-0.4647231720437684,0.88545602565321
2023-12-08,1141.9855,1330.0,870.0,1142.0476317723294,912,374225,2,49,12,-0.35460488704253595,0.9350162426854147
2023-12-15,1710.20525,2020.0,1100.0,1696.3433361796717,1793,737790,4,50,12,-0.2393156642875578,0.970941817426052
2023-12-22,1405.75575,1770.0,900.0,1391.6363669401364,1337,550335,4,51,12,-0.12053668025532363,0.992708874098054
2023-12-29,1344.287,1530.0,1000.0,1321.300311855999,671,274165,3,52,12,6.432490598706546e-16,1.0
2024-01-05,1423.666,1600.0,800.0,1421.6211282393929,1021,419060,3,1,1,0.12053668025532305,0.992708874098054
2024-01-12,1337.1966666666667,1500.0,950.0,1352.030893325995,1351,554165,3,2,1,0.23931566428755774,0.970941817426052
2024-01-19,1470.827,1710.0,1000.0,1474.6927041480783,877,360890,3,3,1,0.3546048870425356,0.9350162426854148
2024-01-26,1587.7893333333334,1800.0,1100.0,1598.5726067566743,999,409225,3,4,1,0.4647231720437685,0.8854560256532099
2024-02-02,1650.9886666666669,1850.0,1100.0,1645.8988153150576,1068,436825,3,5,2,0.5680647467311558,0.8229838658936564
2024-02-09,1663.7813333333334,1885.0,1100.0,1662.0091836279237,1094,448080,3,6,2,0.6631226582407952,0.7485107481711011
2024-02-16,1754.8036666666667,1950.0,1200.0,1758.6774165279116,695,285275,3,7,2,0.7485107481711011,0.6631226582407953
2024-02-23,1784.326,1950.0,1000.0,1780.9438716248817,1361,559610,3,8,2,0.8229838658936564,0.5680647467311559
2024-03-01,1709.1073333333334,1950.0,1300.0,1723.4762080166092,1093,447945,3,9,3,0.8854560256532099,0.4647231720437686
2024-03-08,1794.0253333333333,2120.0,950.0,1789.1063344112613,1282,525700,3,10,3,0.9350162426854148,0.35460488704253557
2024-03-15,1856.6815000000001,2100.0,1100.0,1821.8305029613869,900,368915,4,11,3,0.970941817426052,0.23931566428755804
2024-03-22,1710.90325,2080.0,700.0,1795.0654600502387,730,300565,4,12,3,0.992708874098054,0.120536680255323
2024-03-29,1759.2633333333333,2100.0,1300.0,1733.6584609019446,939,386720,3,13,3,1.0,-1.6081226496766364e-16
2024-04-05,1738.1066666666666,2200.0,1350.0,1913.3004926108374,650,266945,3,14,4,0.992708874098054,-0.12053668025532288
2024-04-12,1833.073666666667,2100.0,1250.0,1827.24597793977,1145,470530,3,15,4,0.9709418174260521,-0.2393156642875575
2024-04-19,1979.2337499999999,2200.0,800.0,1920.8214344522594,1031,425110,4,16,4,0.9350162426854148,-0.35460488704253545
2024-04-26,1911.37,2210.0,1400.0,1915.6557152008786,931,382445,3,17,4,0.8854560256532099,-0.4647231720437685
2024-05-03,1718.7696666666668,2120.0,900.0,1877.4133283604863,717,294935,3,18,5,0.8229838658936565,-0.5680647467311557
2024-05-10,1987.8723333333335,2300.0,1200.0,1996.8089677885207,694,283905,3,19,5,0.7485107481711013,-0.663122658240795
2024-05-17,1894.31675,2150.0,1100.0,1844.7671965644543,645,265460,4,20,5,0.6631226582407952,-0.7485107481711012
2024-05-24,1865.5483333333334,2250.0,800.0,1868.8851795096323,666,274080,3,21,5,0.5680647467311558,-0.8229838658936564
2024-05-31,1979.3719999999998,2300.0,1200.0,1936.4949391720681,867,357155,4,22,5,0.46472317204376906,-0.8854560256532096
2024-06-07,1890.718,2250.0,900.0,1876.055506636663,748,306630,3,23,6,0.35460488704253584,-0.9350162426854147
2024-06-14,1943.20175,2150.0,1350.0,1973.5045159452627,1021,421285,4,24,6,0.23931566428755768,-0.970941817426052
2024-06-21,1957.786,2250.0,1400.0,2046.021140867207,396,162245,2,25,6,0.12053668025532308,-0.992708874098054
2024-06-28,1995.07025,2220.0,1500.0,1986.3372448771468,896,367715,4,26,6,-3.216245299353273e-16,-1.0
2024-07-05,1916.0249999999999,2150.0,1000.0,1954.5453688872137,906,371455,3,27,7,-0.12053668025532283,-0.992708874098054
2024-07-12,2057.231,2220.0,1000.0,2047.3094649134227,933,384050,3,28,7,-0.23931566428755743,-0.9709418174260521
2024-07-19,2001.8166666666666,2200.0,1000.0,1998.3535268438386,795,326425,3,29,7,-0.3546048870425356,-0.9350162426854148
2024-07-26,2058.32,2250.0,1100.0,2055.2634984833167,601,247250,3,30,7,-0.46472317204376806,-0.8854560256532101
2024-08-02,2064.5133333333333,2250.0,1500.0,2090.519769981723,544,224330,3,31,8,-0.5680647467311556,-0.8229838658936565
2024-08-09,2062.4663333333333,2250.0,1400.0,2043.5978923785422,882,361545,3,32,8,-0.663122658240795,-0.7485107481711013
2024-08-16,2038.756666666667,2250.0,1000.0,2040.7698057855318,860,354505,3,33,8,-0.7485107481711011,-0.6631226582407952
2024-08-23,1961.2473333333335,2250.0,1300.0,1962.5025219772301,676,277560,3,34,8,-0.8229838658936564,-0.5680647467311559
2024-08-30,1969.759,2200.0,1550.0,1972.684649122807,829,342000,3,35,8,-0.8854560256532096,-0.4647231720437691
2024-09-06,1944.21,2180.0,1200.0,1940.9753824648599,783,321925,3,36,9,-0.9350162426854147,-0.3546048870425359
2024-09-13,1875.83,2160.0,1400.0,1878.2134425576699,854,351570,3,37,9,-0.970941817426052,-0.23931566428755774
2024-09-20,1938.6605,2160.0,1500.0,1995.1619922630562,651,268840,4,38,9,-0.992708874098054,-0.12053668025532357
2024-09-27,1972.7943333333333,2200.0,1250.0,1961.7893677134414,753,307930,3,39,9,-1.0,-1.8369701987210297e-16
2024-10-04,1990.2403333333332,2150.0,1300.0,1988.689207699517,844,346775,3,40,10,-0.992708874098054,0.1205366802553232
2024-10-11,1936.709,2170.0,1450.0,1934.7314017531612,629,257820,2,41,10,-0.9709418174260521,0.23931566428755738
2024-10-18,1880.3163333333334,2150.0,1050.0,1882.8878104551316,999,411090,3,42,10,-0.9350162426854148,0.35460488704253557
2024-10-25,1941.7653333333335,2100.0,1300.0,1936.232087418659,695,285065,3,43,10,-0.8854560256532101,0.464723172043768
2024-11-01,1951.18125,2200.0,1350.0,1938.8650555953002,1003,412355,4,44,11,-0.822983865893657,0.5680647467311548
2024-11-08,2065.7509999999997,2250.0,1500.0,2047.6451745900858,767,315310,3,45,11,-0.7485107481711011,0.6631226582407952
2024-11-15,2080.257,2300.0,1500.0,2084.5375048113933,1011,415680,3,46,11,-0.6631226582407955,0.7485107481711007
2024-11-22,2115.13575,2340.0,1600.0,2098.6298707381043,1042,427040,4,47,11,-0.5680647467311559,0.8229838658936564
2024-11-29,2286.7083333333335,2570.0,1700.0,2283.296690597599,844,346135,3,48,11,-0.4647231720437684,0.88545602565321
2024-12-06,2328.297,2600.0,1550.0,2337.2991841037965,1282,526415,3,49,12,-0.35460488704253595,0.9350162426854147
2024-12-13,2309.696,2640.0,1300.0,2283.4539886278117,1160,478360,4,50,12,-0.2393156642875578,0.970941817426052
2024-12-20,2283.5636,2600.0,1500.0,2250.500079257845,1610,662395,5,51,12,-0.12053668025532363,0.992708874098054
2024-12-27,2428.727,2800.0,1700.0,2506.560095742862,356,146225,2,52,12,6.432490598706546e-16,1.0
2025-01-03,2351.6814999999997,2700.0,1600.0,2321.247092408543,460,189160,2,1,1,0.12053668025532305,0.992708874098054
2025-01-10,2329.3023333333335,2600.0,1600.0,2306.8409115455233,906,370360,3,2,1,0.23931566428755774,0.970941817426052
2025-01-17,2332.9505,2700.0,1800.0,2309.6303796823454,954,392565,4,3,1,0.3546048870425356,0.9350162426854148
2025-01-24,2456.127,2780.0,1300.0,2473.0516515712607,817,336195,3,4,1,0.4647231720437685,0.8854560256532099
2025-01-31,2614.706666666667,2950.0,1500.0,2614.1069223312575,912,376535,3,5,1,0.5680647467311558,0.8229838658936564
2025-02-07,2669.844333333333,3100.0,1800.0,2689.0322358372473,1060,435385,3,6,2,0.6631226582407952,0.7485107481711011
2025-02-14,2714.288666666667,3000.0,1500.0,2716.7707059744757,881,363965,3,7,2,0.7485107481711011,0.6631226582407953
2025-02-21,2763.9466666666667,3160.0,1700.0,2746.6228799685678,927,381775,3,8,2,0.8229838658936564,0.5680647467311559
2025-02-28,2899.757666666667,3200.0,2000.0,2886.4013570605557,950,390550,3,9,2,0.8854560256532099,0.4647231720437686
2025-03-07,2810.6189999999997,3250.0,1500.0,2805.5888083937048,485,200150,2,10,3,0.9350162426854148,0.35460488704253557
2025-03-14,2877.4030000000002,3250.0,2000.0,2877.227322470817,1202,493440,3,11,3,0.970941817426052,0.23931566428755804
2025-03-21,2907.653,3380.0,1600.0,2868.7133773538762,992,408900,3,12,3,0.992708874098054,0.120536680255323
2025-03-28,2857.508333333333,3300.0,1500.0,2832.9544869263655,708,291235,3,13,3,1.0,-1.6081226496766364e-16
2025-04-04,2984.0733333333333,3400.0,1000.0,2963.6107707623387,1270,522340,3,14,4,0.992708874098054,-0.12053668025532288
2025-04-11,2929.717,3300.0,1900.0,2938.8839291100144,1010,414445,3,15,4,0.9709418174260521,-0.2393156642875575
2025-04-18,3133.2095,3350.0,1600.0,3095.047126786257,718,296010,2,16,4,0.9350162426854148,-0.35460488704253545
2025-04-25,2846.756,3380.0,1700.0,2852.9043372265132,978,401985,3,17,4,0.8854560256532099,-0.4647231720437685
2025-05-02,2912.5595,3250.0,2300.0,2887.3864009378663,521,213250,2,18,5,0.8229838658936565,-0.5680647467311557
2025-05-09,3009.855,3400.0,2000.0,2926.117176176482,914,376015,3,19,5,0.7485107481711013,-0.663122658240795
2025-05-16,2932.2613333333334,3400.0,2200.0,2929.8827720035088,1373,564285,3,20,5,0.6631226582407952,-0.7485107481711012
2025-05-23,2800.7009999999996,3300.0,1600.0,2843.0771732942994,597,245940,3,21,5,0.5680647467311558,-0.8229838658936564
2025-05-30,3090.453666666667,3280.0,2400.0,3089.576589237001,736,302425,3,22,5,0.46472317204376906,-0.8854560256532096
2025-06-06,2937.8886666666663,3570.0,2350.0,2961.971393437318,1315,540785,3,23,6,0.35460488704253584,-0.9350162426854147
2025-06-13,2938.4846666666667,3480.0,1350.0,2955.2396816325395,871,358705,3,24,6,0.23931566428755768,-0.970941817426052
2025-06-20,3097.1316666666667,3450.0,2200.0,3089.837472338333,495,203350,3,25,6,0.12053668025532308,-0.992708874098054
2025-06-27,2971.757333333333,3250.0,2000.0,2962.669794372714,941,386865,3,26,6,-3.216245299353273e-16,-1.0
2025-07-04,2934.771666666667,3240.0,1400.0,2946.842079934551,1010,415590,3,27,7,-0.12053668025532283,-0.992708874098054
2025-07-11,3017.7646666666665,3360.0,2100.0,3020.2218420616964,441,181210,3,28,7,-0.23931566428755743,-0.9709418174260521
2025-07-18,2977.5796666666665,3420.0,1500.0,2996.8312429742464,961,395865,3,29,7,-0.3546048870425356,-0.9350162426854148
2025-07-25,2962.104,3400.0,1600.0,2983.676606806705,815,334670,3,30,7,-0.46472317204376806,-0.8854560256532101
2025-08-01,3082.140666666666,3360.0,2300.0,3089.309027489411,439,180615,3,31,8,-0.5680647467311556,-0.8229838658936565
2025-08-08,2983.202333333333,3400.0,2100.0,2981.3243579858845,616,252915,3,32,8,-0.663122658240795,-0.7485107481711013
2025-08-15,3191.9546666666665,3450.0,2000.0,3155.276092365446,558,229090,3,33,8,-0.7485107481711011,-0.6631226582407952
2025-08-22,3110.3206666666665,3370.0,2200.0,3068.3122603452452,852,350765,3,34,8,-0.8229838658936564,-0.5680647467311559
2025-08-29,3080.749,3350.0,2150.0,3060.5814596954356,594,243955,3,35,8,-0.8854560256532096,-0.4647231720437691
2025-09-05,3193.3873333333336,3450.0,2100.0,3053.6223360388904,562,230390,3,36,9,-0.9350162426854147,-0.3546048870425359
2025-09-12,3218.1443333333336,3480.0,2200.0,3220.4104898925516,669,274550,3,37,9,-0.970941817426052,-0.23931566428755774
2025-09-19,3185.884,3460.0,2000.0,3187.5932670352686,647,264965,3,38,9,-0.992708874098054,-0.12053668025532357
2025-09-26,3271.931666666667,3560.0,2400.0,3275.4904948313447,519,213305,3,39,9,-1.0,-1.8369701987210297e-16
2025-10-03,3188.4770000000003,3600.0,2200.0,3138.750619004824,663,272615,3,40,10,-0.992708874098054,0.1205366802553232
2025-10-10,3370.0105000000003,3600.0,2500.0,3370.7667279989228,543,222830,2,41,10,-0.9709418174260521,0.23931566428755738
2025-10-17,3250.678,3670.0,2200.0,3274.32460689769,888,363455,3,42,10,-0.9350162426854148,0.35460488704253557
2025-10-24,3299.748,3800.0,2350.0,3243.5045081583626,778,320530,3,43,10,-0.8854560256532101,0.464723172043768
2025-10-31,3515.8153333333335,3850.0,2600.0,3532.6360951935444,832,342040,3,44,10,-0.822983865893657,0.5680647467311548
2025-11-07,3686.6949999999997,4000.0,2500.0,3612.90999800439,610,250550,3,45,11,-0.7485107481711011,0.6631226582407952
2025-11-14,3855.42125,4200.0,3100.0,3851.8954830568237,985,404145,4,46,11,-0.6631226582407955,0.7485107481711007
2025-11-21,4041.71025,4300.0,2700.0,4003.715423669468,555,228480,4,47,11,-0.5680647467311559,0.8229838658936564
2025-11-28,4190.655,4550.0,3000.0,4205.515472006025,776,318640,3,48,11,-0.4647231720437684,0.88545602565321
2025-12-05,4291.798666666667,4640.0,2700.0,4281.566920115363,883,362335,3,49,12,-0.35460488704253595,0.9350162426854147
2025-12-12,4159.520666666667,4500.0,2100.0,4154.304101238474,1582,647975,3,50,12,-0.2393156642875578,0.970941817426052
2025-12-19,4116.5632,4670.0,2000.0,4161.92339732147,1327,546195,5,51,12,-0.12053668025532363,0.992708874098054
2025-12-26,4353.314,4700.0,3600.0,4353.314167065964,153,62610,1,52,12,6.432490598706546e-16,1.0
2026-01-02,4445.943499999999,4700.0,3000.0,4406.942688012916,364,148660,2,1,1,0.12053668025532305,0.992708874098054
2026-01-09,4243.094333333333,4700.0,2600.0,4230.894384272128,1141,469485,3,2,1,0.23931566428755774,0.970941817426052
2026-01-16,4215.891666666666,4650.0,2700.0,4229.212037921816,1134,465695,3,3,1,0.3546048870425356,0.9350162426854148
2026-01-23,4290.990333333333,4650.0,2500.0,4293.9150826446285,585,242000,3,4,1,0.4647231720437685,0.8854560256532099
2026-01-30,4368.594333333333,4750.0,3300.0,4354.854118203682,618,253630,3,5,1,0.5680647467311558,0.8229838658936564
2026-02-06,4448.294666666667,4900.0,2000.0,4449.307993863985,786,322685,3,6,2,0.6631226582407952,0.7485107481711011
2026-02-13,4699.234666666666,5220.0,2600.0,4725.870345582867,798,328720,3,7,2,0.7485107481711011,0.6631226582407953
2026-02-20,4579.725,5350.0,2500.0,4545.5832600818985,570,233215,2,8,2,0.8229838658936564,0.5680647467311559
2026-02-27,4888.577666666667,5400.0,2000.0,4924.089899250839,706,290325,3,9,2,0.8854560256532099,0.4647231720437686
2026-03-06,4930.059,5260.0,2600.0,4876.947792115544,517,211175,3,10,3,0.9350162426854148,0.35460488704253557
2026-03-13,4679.775000000001,5100.0,2700.0,4666.276541689122,790,324725,3,11,3,0.970941817426052,0.23931566428755804
2026-03-20,4507.253,5400.0,1800.0,4509.550063595251,689,283040,3,12,3,0.992708874098054,0.120536680255323
2026-03-27,4518.094999999999,5000.0,3000.0,4451.514776245426,862,355300,2,13,3,1.0,-1.6081226496766364e-16
2026-04-03,4510.6965,4900.0,3500.0,4501.995458911885,279,114510,2,14,4,0.992708874098054,-0.12053668025532288
2026-04-10,4480.169666666667,5020.0,2200.0,4500.585906477805,1026,421825,3,15,4,0.9709418174260521,-0.2393156642875575
2026-04-17,4469.418333333334,5000.0,2200.0,4466.987708136978,619,254640,3,16,4,0.9350162426854148,-0.35460488704253545
2026-04-24,4745.125333333333,5320.0,2900.0,4753.410325225587,573,236605,3,17,4,0.8854560256532099,-0.4647231720437685
2026-05-01,4581.2375,5100.0,3500.0,4576.5258575324115,512,209030,2,18,5,0.8229838658936565,-0.5680647467311557
2026-05-08,4483.719333333333,5000.0,2500.0,4457.698723064645,610,250600,3,19,5,0.7485107481711013,-0.663122658240795
2026-05-15,4524.719,5300.0,2320.0,4581.258155466493,1041,429160,3,20,5,0.6631226582407952,-0.7485107481711012
2026-05-22,4483.0053333333335,5370.0,3200.0,4484.608488583835,607,249865,3,21,5,0.5680647467311558,-0.8229838658936564
2026-05-29,4368.870666666667,5000.0,3200.0,4359.896883680225,639,262810,3,22,5,0.46472317204376906,-0.8854560256532096
2026-06-05,4329.428666666667,5000.0,2100.0,4273.02713822296,767,315975,3,23,6,0.35460488704253584,-0.9350162426854147
2026-06-12,4639.552333333333,5100.0,3000.0,4640.806629572067,1027,421445,3,24,6,0.23931566428755768,-0.970941817426052
2026-06-19,4453.772666666667,4980.0,2600.0,4488.540781724077,681,280150,3,25,6,0.12053668025532308,-0.992708874098054
2026-06-26,4355.952666666667,4900.0,2500.0,4392.2044886897065,687,282265,3,26,6,-3.216245299353273e-16,-1.0
2026-07-03,4495.3525,4900.0,2600.0,4518.9747170544515,1000,411740,4,27,7,-0.12053668025532283,-0.992708874098054
2026-07-10,4472.2365,5020.0,3000.0,4472.250843844377,616,253305,2,28,7,-0.23931566428755743,-0.9709418174260521
2026-07-17,4483.5109999999995,5050.0,2600.0,4464.153239175121,731,301620,3,29,7,-0.3546048870425356,-0.9350162426854148
2026-07-24,4669.391333333333,5180.0,2800.0,4679.874312250769,483,198110,3,30,7,-0.46472317204376806,-0.8854560256532101
2026-07-31,4670.657,5100.0,3500.0,4670.657286943256,286,117985,1,31,7,-0.5680647467311556,-0.8229838658936565
